text,label_meaning,label
凌河镇偕户村生姜种植户李莲，以往都要等到深秋时，才会把姜挖出来卖掉。,2.0,2
万幸的是他遇到了好人的帮助，这才从万分懊恼和沮丧中重新挺起腰杆，继续坚韧地坚持自己的目标。,4.0,2
因此，自己的脚懒不得，停不得，必须经常到下面去走一走，看一看，听一听，问一问，真正把情况弄清楚，指导工作才会比较有把握。,,2
他们同大风雪整整搏斗了十一个小时，深夜到达一个居民点才休息。,2.0,2
苏联30年代处理布哈林等人的案件时，正是由于社会主义法制遭到破坏，抛弃了公开审理的法制原则，才出现“伪造证词，用不允许的方法向被告人取口供”的恶劣后果。,4.0,2
写判决书时，她的标准是改到不能再改才发给当事人。,2.0,2
这个延边天池气象站，建在海拔二千六百米的山坡上，从八月飘雪，到转年五月才冰消雪融。,2.0,2
等到看见我笑了一下，才又低下头去一面涂鞋油一面说：“还过得去。,2.0,2
汤沐海说：“到了德国，才发现自己要学的东西实在太多了，毕竟西方古典音乐有着几百年的历史积淀。”,2.0,2
爱尔兰统一党和工党经过谈判达成了联合组阁的协议，后又得到一名无党派议员的支持，这样才以微弱的多数组成了联合政府。,4.0,2
东单区一个商店，去年12月上、中两旬共销售一百五十三台打字机，这个月到现在才卖了三台。,3.0,2
由于道路拥堵，许多人弃车步行，路上到处是小心翼翼步行的人群，相当多的家庭都有深夜甚至凌晨才到家的风雪夜归人。,2.0,2
要等到中国的产业结构比较健全、中央银行监管十分有利才会实行。,2.0,2
到那时，他们才不得不表示“认识到台湾海峡两边所有的中国人都认为只有一个中国，台湾是中国的一部分。,2.0,2
让他们对这个行业从犹豫到进入、从兼职到专职，产业才会打开向上发展的空间。,4.0,2
安宪增接到通知，马上骑自行车找到罗有昌，为了不误点，他把自行车交给罗有昌，自己步行了两个多小时才回到段里。,2.0,2
一次，杨兴蓉到那地生产队的一位病人家里送药，这位病人的病已经好转，到毛田坝收稻子去了，两天后才回来。,2.0,2
我们志愿军在朝鲜，是由于得到了朝鲜人民的全力支援和无微不致的关怀，才取得了胜利。,4.0,2
现在，北斗三号的原子钟已提升到每300万年才出现1秒误差的精度。,2.0,2
到了第五局，长谷川信彦才以二十一比十五的接近比分取胜，从而获得了这个项目的第一名。,2.0,2
我们经历了一百年的长期艰苦斗争，只是到了今天，才在共产党与伟大人民领袖毛泽东领导下，获得了基本的胜利，打倒了国内外的压迫者，成立了中华人民共和国。,4.0,2
他们说，起初他们也不知道，是在公安人员到骡马大店查询过往客人的情况时才发现的。,2.0,2
却因为患有先心病被父母遗弃在医院里，到“宝贝之家”时才刚刚7天，后来又被查出患有肝损害，需要长期服药治疗。,3.0,2
到1954年正式公布重点试行劳卫制，根据试行情况在1956年才在全国普遍推行。,2.0,2
后来，他长期侨居西班牙首都马德里，到今年六月二十日才回到阿根廷。,2.0,2
他下车后到了银行打开挎包往外取款时，才发现这个挎包不是自己的。,2.0,2
那年，春天来了，那些由她一手接到人间的子孙们，抬着她的棺，转遍了小沙沟的三街六巷，最后一次，让奶奶走过了每家每户的门口，这才出了村。,2.0,2
只有真正走向大众，找到干预社会生活的途径，哲学才会有生命力。,,2
只有下定决心，做耐心的艰苦的调查研究工作，遇到一件事情，多方面打听打听，写出来的东西才会对头。,,2
不管是早在上世纪七八十年代就到过中国的人，还是最近才与中国有生意往来的人，大家都非常愿意谈自己与中国的联系，中国的“朋友圈”正越来越大。,,2
据东北老百姓说：这行买卖是从蒋军到后才兴隆起来的。,,2
结果是助长了崔满堂等人的贪污行为，一直发展到贪污盗窃一千二百多元时，才不得不作处理。,,2
这个地主一年收二三百石粮，分到七个长工名下的才只有三二十石。,,2
第一通用机械厂的同志通过市场调查了解到，新洗衣机必须具备脱水功能，价格不要超过270元，销路才好。,,2
这样可以及时了解情况，及时解决问题，不要等到问题成堆，矛盾尖锐了，才去被动地解决。,,2
可是，教师在评分时，却认为这项设计运用现场资料和数据比较多，理论分析不够，质量不高；只是考虑到这个学生平日学习努力，才勉强给了四分。,,2
但是只有到了现代无产阶级登上历史舞台以后，这种历史的辩证法，才从盲目的支配力量变成为先进阶级自觉地运用来改造世界的强大武器。,,2
今天晚上，孩子们肯定要白白地守候到无可奈何后才会睡去。,,2
一些专家指出：到2000年，有的发达地区不仅能实现小康，还可能进入富裕阶段，但是必须所有地区、所有人的温饱问题都得到解决，在此基础上，大部分地区实现了小康，才可以说目标已经实现。,,2
从科尔科瓦多山和面包山的美景，到巴哈、德奥多鲁赛区全新的现代化场馆，以及标志性的马拉卡纳体育场和科帕卡巴纳海滩，我想不出更为壮观的背景来让世界顶级运动员在全球观众面前展示才华了。,,2
快到下午一时了，宾主们才依依不舍地握手告别。,,2
法新社说，在联合国首席停战观察员伯恩斯将军发下了停火的命令并且有联合国观察员赶到冲突地点以后，那里才停止了已经进行五个小时的炮战和冲突。,,2
头一天早上，全村人们排着队打着锣鼓在上庄大路上等，到下午才发现整齐的队伍由下庄小道过来了，瞭望哨一报告，人群向着队伍拥去，领头的郭福生、郭凤廷拉住营长、指导员的马说：“我们早预备好了，快到家里休息！,,2
然而进口商品程序复杂，环节多，时间长，诸如要考察、谈判、签约、运输，到国内纳税通关，从批发最后才到零售。,,2
腊月，梧桐的悬铃腊月，梧桐的悬铃刘毅曾误认是阿谀作颂的编钟曾斥之为桀纣王冠的流苏只是当肃杀到生机全无连空气都寒颤得几乎冻僵时性格才在燃烧中明亮起来风中摇曳的舞步踢踏着冬的秩序那如鸣珮环的清音那嘲笑淫威的乐观活泼题写着一首战退严冬的绿色的诗雷峰塔与白娘娘雷峰塔与白娘娘冯亦代儿时的旧事往往是不易忘怀的，如今年届古稀，这些旧事就常在心头萦绕，不时浮泛起来。,,2
你们看到维尼纶才几天？,,2
即使解决了开采技术性问题，可燃冰作为新型绿色能源，其成本的相对竞争力也是制约开发利用的重要因素，就是说，相对于煤炭、石油、天然气等传统化石能源，可燃冰只有在解决了“大规模开采得出来”的基础上，将开采、运输等综合成本降到与传统化石能源相当，才具有进入现有能源体系，实现能源结构变革。,,2
枫桥公社有一个统计：一九七一年到一九七八年百分之七十八到百分之九十一的四类分子都参加力所能及的劳动，只有丧失了劳动力的四类分子才不参加劳动。,,2
钟华安置好小佳庆，又去帮助其他伤员，协助医护人员清创包扎，到病室安慰伤员，给伤员家属打电话……这时，她才发现妈妈不知何时也住进了医院。,,2
苏永舜在谈到在吉隆坡进行的两场比赛时说，第一场比赛中国队是先以○比二失利后才反败为胜的，由此可知比赛的艰难。,,2
我们大队有一个地主分子，从小就外出了，到一九四八年才回来。,,2
他解释道，古希腊一位哲学家说过，人到50岁才可以搞政治。,,2
这天早晨他很早起来，——这是他少有的事——来到厂里，迅速但认真的把这张昨晚熄灯后才写好的大字报贴在黑板上。,,2
在那里的步兵常常发问道：我到什么时候才回家？,,2
须知美帝国主义只有在它的侵略面目完全暴露，在它的侵略政策遭到全世界人民的坚决反对而陷于完全孤立，并且用任何方法也挽救不了它的失败的时候，才会稍稍收敛一下强盗气焰。,,2
然而，招商会的日期临近了，徐佳立等来到临沂时，才发现筹备的招商会与他们的预想完全是两码事。,,2
凌晨2时，我们急急忙忙回到汉城，摄影记者老李的房间却已经被快乐的球迷占用了，汉城这个周末各饭店人满为患，老板以为老李第二天才回来，房间已经再次出租。,,2
只有等到出现了这样的局势，或者美帝国主义这一罪恶图谋有了实现的保证之后，美国才可以考虑撤兵的问题。,,2
但是，劳改释放就业的得到六十岁才准许办退休，上级不管我被判刑十二年的事情是冤案，案子已经得到了平反，却仍然把我当做劳改释放就业的。,,2
注释1”说：“写到这里，我才听说，台湾已把全部二十五史输入电脑。,,2
如果我们本世纪内达到了小康水平，那就可以使他们清醒一点；到下世纪我们建成中等发达水平的社会主义国家时，就会大进一步地说服他们，他们中的大多数人才会真正认识到自己错了”。,,2
10%的服务费我以前就知道，可这6%的增值税却是第一次遇到，就餐前，服务员也没有告诉我们还要额外交税，结账时才发现小票上多了这一项。,,2
他常说：“只有群众感到需要怎样作以后，作起来才会收到真正的效果。,,2
我估计他家里可能发生了什么事，就写信到他家乡的生产队去问，这才了解到，前不久，小李的母亲病重，家里写信要他回去一趟，他回信说工作忙，不回去，并要求家里不要打电报来，免得让领导和同志们知道。,,2
正是由于始终把维护国家统一和民族团结放在第一位、落实到各方面和全过程，民族区域自治才不断发展完善、行稳致远。,,2
想到这里，他一个箭步又跑回了猪圈，一直救活了第六个、第七个、第八个猪崽，才回去休息。,,2
当谈到他冒着生命危险，逃出营场的原因时，他说，他想回到共和国的心是那样急切，而“国际审查”又是那么渺茫和不可信，因此他才在二十四日下午趁特务们稍一疏忽，就爬出铁丝网逃出来。,,2
接到先遣入关的命令时，部队才从塔山阵地上撤下来，尚未休整，冬装也没发。,,2
在音响技术领域中，模拟录音发展到50年代末、60年代初就已是一个富有经验与成就的成年人了，而数码字录音从80年代初问世至今才仅仅十余年，还是一个稚嫩的孩子，但在一个成熟的家长带领下，孩子的进步成长将是不可限量的。,,2
她虽然曾对阿斯加勒说过要跳出毡房看到大家，但却一直把她和丈夫之间的矛盾当作毡房里的私事，后来萨书记向她指出：“这也是工作”时，她才从个人痛苦的圈子里跳出来，认真地把改正丈夫错误当作党交给她的一件工作来完成。,,2
他在高中念书时，向往大海却没见过大海，到了小岛，才发现大海并不象湖水那样宁静，一天到晚，海浪吵闹不休。,,2
他们还说：一到春天，北邙山腰早晨都围着一团一团的白云，田野被一场春雨叩醒，柳条儿泛青，那才好哪。,,2
魔湖岛中修建了一座神庙，形成了一座小而可爱的湖心岛屿，据说里面供奉的是莲花生大师，当枯水季节到来时，人们才可以步行上岛朝拜，涨水季节人们只能隔江相望。,,2
回到祖国才两个月的科学家汪德昭说，回国后所见所闻，使他太感动，太兴奋了。,,2
以“高”补“晚”以“高”补“晚”起步较晚，人家早干起来了，甚至快收摊了，一些“迟到者”才动手。,,2
为了受到表扬才去干某一件事，那就算不得全心全意为人民服务。,,2
同时毛主席还举例说中国人民对帝国主义的认识，是经过太平天国运动和义和团运动等笼统的排外主义的斗争所反映的那个感性认识的阶段，然后到1919年“五四”运动，才上升到高级阶段，开始真正认识帝国主义的实质。,,2
一直默不作声的出租车司机突然打开了话匣子：“你们今天看到的根本不算什么，今年5月份俺遇到的一起丧事场面才叫大。,,2
现在他认识到，正因为过去自己做官当老爷，严重脱离群众，背离了毛主席的革命路线，才受到群众的批判。,,2
但是出门旅行，依然有很多烦心事，比如驱车去到景点后才发现无处停车，景区内人满为患、看个景点要排队两三个小时，网上报的旅行团赶时间削减景点等等。,,2
到了楼下，他才发现，打车软件迟迟没有回应。,,2
我们是经过这三年时间，有选择地确定了我们的相爱关系，又经历了三年的考验，一直等到党中央调你回国，才在我们两地党的组织的同意下，我从天津到广州，于1925年的8月结婚了。,,2
待看到曹禺为什么要写《雷雨》，是怎样写《雷雨》时，才发现作者的用心。,,2
他说，“我和周恩来的会谈通常都是从下午3时开始一直谈到晚上，甚至半夜，只在吃饭时才停下来。,,2
婴儿是横位，卫生员从晚8时直忙乎到深夜12时多，才使母子平安。,,2
在新时期的这十多年中，樊枫很幸运地受到了两种文化的熏陶，没有走弯路，再加上他个人的悟性和执著追求，每看到他的一批新作，都使我感到他才华出众，要刮目相待。,,2
在不到五年时间内，经历了反复的斗争，才坚持下来。,,2
甘孜藏族地区解放前由劳役地租到实物地租的转变，是通过“对分制”的实物地租才到固定的实物地租的，“对分制”几乎成了这个地区由劳役地租到实物地租的一种必经的过渡形态。,,2
到厨房参观大煮干丝的制作，一片小豆腐干横切32刀才及格。,,2
不过，欧美之间的这次钢铁协议必须得到有关国家钢铁业领导人的批准才会有效。,,2
回到营地，大家才发现，几乎每个人都挂了彩，胳膊上、腿上到处是青一块紫一块，而且，更令人难以自持的是，队员们发现自己正面对着香喷喷的北京炸酱面……计划中有一顿饭该由北京队员来做，这下，可难坏了这些大大咧咧的北京人。,,2
到底能拿多少枚金牌，人们似乎也不那么关注了，只有参加某些竞猜活动的人，才会仔细算算金牌账。,,2
许多重大项目的设计和研究是经过几十次到几百次的试验才取得成功的。,,2
他的老师中央音乐学院教授刘北茂说：“我教了二十多年二胡，第一次遇到这样有才华的学生。,,2
六月二日，塔德在荷泽会议上亦正式宣布，要在六月四日把面粉运到各修防段；可是，到六月十日为止，才只运来一百吨。,,2
正是因为结识了知心朋友，遇到了热心肠的人，海归的异国求学时光才变得不那么漫长。,,2
他一直谈到深夜才出去。,,2
全行业合营到现在，才不过一年多的时间，有些问题，都是在体现了合营企业优越性的基础上发生的。,,2
独立检察官斯塔尔预计要到下个月才向国会提交他的调查报告。,,2
于是，他和分区领导先后来到广济圩和枞阳江堤，在大堤上一直干到深夜3点多钟才回到营区。,,2
一九四三年到军区军工厂一所造过枪，至今年旧历三月十五日，才到濮县造船厂做铁工。,,2
1948年解放石家庄时，他被俘后开了小差，逃到蒋管区，1950年不得已才受招聘到东北参加工作。,,2
李三元抓住了敌人的机枪正拚命争夺时，三个顽军冲来了，恰巧这时排长赶到，扔去了一个炸弹才夺了机枪，他们就守着阵地向敌人扫射起来。,,2
可以采取公布劣迹、经济惩罚（谁错罚谁，而不是罚公家）和采取组织行政措施等一系列办法，使抬价者不但捞不到半点好处，而且要大吃苦头，那时，抬价现象才会大大减少乃至杜绝。,,2
顶好能飘到一个岛子上，没有敌人，有老百姓才好呢。,,2
它飞呀飞，飞到翅膀擦着白云了，才停下来。,,2
轮到她上台时，有记者将她捧为“继章子怡之后中国影坛又一个幸运儿”，她听了淡淡地一笑说：有些人是以长跑的姿态进入跑道的，有些人则是以短跑的姿态进入跑道的，不管怎么跑，目的地只有一个，暂时落后了你不能急躁，你必须明白自己是哪类运动员，有一些人从你身边超过，把你丢下，但是不要紧，因为你是跑长跑的，耐力和定力最重要，人生是一场马拉松，赢到最后才叫赢。,,2
但是，只有在他们不断受到伟大的毛泽东思想的哺育，用毛泽东思想武装自己以后，阶级觉悟才发生了质的飞跃，成为一个自觉地为共产主义事业奋斗的无产阶级先锋战士。,,2
患有高血压、动脉硬化的吉林市5704厂退休干部邓文仁自练习“法轮功”后，听信李洪志的谎言，拒绝到医院治疗，致使病情加重，今年初因血压高引发脑出血，被家人送到医院救治才保住生命。,,2
但就在这封信后面附告一行：“我最近心力衰竭一次，搞得上气不接下气，到医院急救，住了十天才出来，对我说这是第一次警钟。,,2
你的敬业精神令人钦佩，意志和勤奋写下了你律师生涯中的新篇章：你自告奋勇为燕窝镇农家妇女李慧路抱不平，挽救了她多变的婚姻，为她争回了公平，赢得了人们的赞誉；你千里迢迢赶到江苏响水县，为黄家口镇五个农民据理力争，争回了二万多元的货款；一个被法院判决有期徒刑的企业法定代表人石南林，因为你秉执着法律这根准绳，东奔西走，四处呼号，才使这桩案件水落石出，已逾不惑之年的他免于刑事处分，是你保护了一个企业家的合法权益……就这样你一次次为伸张正义而呐喊，为维护法律的严肃而奔波。,,2
记得人民政协开会的那一天，当我看到您的时候，我真高兴得不知怎么才好。,,2
割大豆，他由每天割二、三亩增加到八、九亩；割玉米秸，六个人掰棒才供上他一个人割；脏活、累活他抢在前面。,,2
我们到了北京，才发现这是辽宁省劳动厅等单位一小撮走资本主义道路的当权派和极少数顽固执行资产阶级反动路线的人耍的阴谋。,,2
谁认为只有无产阶级革命一帆风顺，只有各国无产者一下子就采取联合行动，只有事先得到不会遭到失败的保证，只有革命的道路是宽阔、自由和笔直的，只有在取得胜利以前不会遭到暂时的重大牺牲，不会“被围困在碉堡内”，或者不会通过最窄狭、最难走、最曲折和最危险的山间小道，谁认为只有“在这种条件下”才“可以”进行无产阶级革命，谁就不是革命者，谁就没有摆脱资产阶级知识分子的迂腐气，谁就会在实际上常常滚入反革命的资产阶级阵营，像我国右派社会革命党人、孟什维克以及（虽然少些）左派社会革命党人那样。,,2
爬“书梯”使我领悟到人生的真谛和生命的哲理，使我这个武夫出身、腹中少墨的人生情、生理、生智、生才华，读书纯洁了我的灵魂，铸造了我的人品，催我奋发、向上，升华了我人生的价值。,,2
第一篇“志在千里”，主要从政治的高度阐发了老年人在离退休之后应该坚守思想防线，坚持继续奋进，坚定理想信念，努力做到退休不褪色，有功不居功，竭诚荐才俊，矢志学马列。,,2
只是到了停火以后，美国才从北汕、万象等地空运大量叛军和军火到这个地区进行活动，美国军事人员也被运到这个地区，来指挥叛军作战。,,2
内战”从二月打到五月，到了六月，两个革命组织才又重新联合起来，建立了全厂统一的革命组织“六一○”革命造反兵团。,,2
她用肩上的木桩把那个人一拨，生气地说：“都到了这个节骨眼上，还说啥危险，等大水冲进村子那才危险呢！,,2
中央民族卫生工作大队一个小组在类乌齐治疗工作结束离开时，当地僧俗人民冒着大雪送他们到数里之外，经该组同志多次答谢和劝说，才依依不舍地回去。,,2
张三荣很着急，他跑到蟠龙、洪水一带没有买回烟苗子，最后跑到河北省涉县东料城公社，才买回了七万多株烟苗。,,2
莎菲女士大概是太注意自己了，太爱表现自己了，所以只有写到自己的时候，以及写到自己对周围事物的反应的时候，才写得道地，生动，技巧也不错，虽然语言文字上还有些纥里纥繨（这从我们引用不多的原文里也可以看出来）。,,2
但是，过去医药工业部门对发展中药的重大意义却认识不足，认为搞西药的不必过问中药，有些行之有效的中药自己不研究，等到外国人学去了，才又从外国学回来。,,2
直至张艺谋来此拍摄电影《大红灯笼高高挂》，借助于名人与银幕，将“在中堂”推到世界面前，才使世人重新审视其价值。,,2
即使我记不住那些文章中的词藻，我也会得到一些启发；要求自己要露出些才华，时而万马奔腾，时而幽琴独奏，别老翻过来掉过去耍弄那一小撮儿语汇。,,2
梅兄从湖南来信，他要到六月底才可回津，也好，天津五月一日即开始进行文艺整风，梅兄即可避免一些无谓的纠缠。,,2
在周总理做了关于知识分子问题的报告以后，还把他调到图书馆工作，开始没有名义，以后才叫他做组长。,,2
王德咸认为华裔往往将自己放在被动的地位，一直要到媒体有对华裔不公的偏见性报道出来，才会想到要去说清楚，但那时负面影响已经造成。,,2
一直苦战到夜幕降临、灯火映红辽河两岸的时候，汽车和稻种才全部打捞上来。,,2
美、英、法三国政府首脑在他们的信里，也表示要把裁军问题推到他们主张在3月以后才召开的裁军委员会小组委员会中去，他们企图在那里再来恢复无休止的辩论。,,2
例如，有一个萨摩亚少女到了夏威夷才发现自己已被卖给了一个六十五岁的老头。,,2
在北京京客隆超市的一家连锁店，记者听到一位中年女顾客向同伴“诉苦”：现在逛商场真让人犯愁，东西多得不知道该买啥才好。,,2
说到我自己，抗日战争爆发后，我参加了刘保罗、邵荃麟领导的浙江流动剧团，一九三七年冬天入党，一九四0年冬才到延安。,,2
西部的同志必须作好充分的思想准备和工作准备，随时准备应对各种开发之需，只有这样，项目到了家门口，才不至于出现由于准备不足、工作不实而措手不及，手忙脚乱。,,2
在加强管理工作的基础上，工会组织工人解剖各个指标，把这些指标分到各个工序里去，然后制定竞赛的保证条件，开展工序之间的同工种劳动竞赛，把班组的生产会议改为同工种的生产会议，这才克服了过去七、八十个人在一个班，订一个笼统的竞赛条件的形式主义的毛病，也克服了过去不同工种混在一起开生产会议的现象。,,2
只有以真正平等的态度对待群众，在思想上同群众见面，使群众感到你的心是交给他们的，群众才会把你看成是自己的代表，愿意把自己的愿望、要求和意见反映给你，讲出知心话，和你心贴心。,,2
那时，虽说他的艺术还不够成熟，可是，与他谈话，却感受到他的灵气与才华，那时候，我便想，这位朋友一定会大有前途。,,2
应当看到，文字和由文字组成的文学，其本身也在扩大和变异，决不能说只有印在书刊上的作品才叫文学，通过其它媒介来表现的文学就不叫文学。,,2
技术人员花了3个小时查出资料来源，将之过滤隔离，并将网站的指挥中心临时从加州移到东海岸，才使网页恢复正常。,,2
到那个时候，才可以比较顺利地达成协议，对走过的路程进行总结，并且制定可以反映世界共产主义运动和工人运动发展的根本问题的一致观点的共同论点。,,2
原来在我们的脑子里，是完全没有到现场去作调查的念头的，只是到了翻书本、作计算以至重新设计都行不通了的时候，最后才不得不走出设计大楼，来到现场。,,2
但有些乡镇企业忽视环境保护和劳动保护，为了赶进度、拚产量，对防疫站的检查和忠告不予重视，软磨硬顶，阳奉阴违，非等到出了事故得了病才去求医问药。,,2
弄明白这个道理以后，我们发动社员找到了适合我们这里种的品种，开始先种一两亩，成功后，第二年继续扩大试验，进一步摸索这些品种的生长规律，有了把握后，才大面积推广。,,2
基本人权受到摧残的地方不在中国的西藏，在那里，正是因为平定了西藏反动分子的叛乱，实行了民主改革，百万农奴才从极端野蛮的农奴制度下解放出来，真正得到了基本人权和宗教信仰的自由。,,2
这时她对萧涧秋和陶岚说：“现在我已经不想到过去了，我只想怎样才可算是真正地报答你们底恩。,,2
西藏农牧民享受免费医疗　　今年5月26日，听到中央把西藏农牧民免费医疗标准从40元提高到80元的消息时，那曲县德吉办事处72岁的牧民才仁多吉，不禁老泪纵横：“旧西藏，为农奴主当牛做马，却不如牛马，生病无人管，只能求神拜佛，听天由命。,,2
当读了毛主席的实践论中提到“理论的基础是实践”，才使我猛醒过来。,,2
17岁的我到部队一切都感到陌生，北方天冷，唯有看到书才使我感到亲切和温暖。,,2
印度政府残暴地迫害在印华侨，并且把两千多名华侨关到集中营里，强迫撤销中国驻印度的领事馆，限制中国驻印大使馆的正常外交活动，无理接管中国银行在印度的分支机构，对中印之间的来往邮电采取了只有在交战状态下才可能采取的检查措施，并且更加放肆地纵容逃亡在印度的西藏叛匪进行反对祖国的罪恶活动。,,2
他一直等到太阳偏西，才发现一只老母鸡向草堆走来，母鸡钻进草堆，过了好久，又“咯嗒、咯嗒……”地叫着钻了出来。,,2
只有旧货市场上实在买不到适用的，他们才去光顾南京路上的五金商店。,,2
只是在中国共产党代表在德国统一社会党代表大会上受到粗野无理的对待，反华大合唱达到顶点之后，中共才决定是进行驳复的时候了。,,2
在冬季，多数害虫都躲藏在农作物的秸秆、残茬、种籽、枯枝、落叶或是杂草中，一直要到天气转暖的时候才出来活动繁殖。,,2
其实，毛泽东同志在《星星之火，可以燎原》、《中国革命战争的战略问题》这两篇文章中讲得很清楚，早在一九二七年冬至一九二八年春，在井冈山的同志中就有“红旗到底打得多久”的疑问，而林彪是一九二八年四月才上井冈山的。,,2
因为根据当地的习俗，舞炮龙要到龙身被鞭炮炸尽才停止，而钻龙肚、扯龙须、摸龙头则会带来一年的好运气。,,2
丙班一号炉炉长、炼钢工周祥生和锺大明、黄介石等几人，30日从早晨七时上班，战斗到晚上十二时，等下一班的工人上工后才回家，1日清晨五、六点钟又来到了厂里。,,2
有位中国学生，到新西兰读了一年语言后，通过中介找了一所大学，等到入学时才发现，学校并不存在，他被中介骗走2万元。,,2
跑到第七家东四人民市场才如愿以偿。,,2
新人应该把新鲜的革命的朝气带到党的领导机关里来，才不辜负党和人民的信任和期望。,,2
比如，各单位到达造林地点的时间早晚不一，有的七点多到，有的九点半才到；在造林、补植、抚育管理中，有的没有达到标准；在拔草时由于注意不够或草苗分辨不清，拔掉树苗的情况也是有的。,,2
但是，据说普利文曾经表示，他要到所有其他的总理提名人都被国民议会否决之后才出面。,,2
也许我太贪婪了，待到画稿上模糊不清，这才发觉三峡里的夜幕降临得如此神速。,,2
他奶奶拿不出钱，东求西恳的，揭了七十块钱，到俺娘手里，才剩了三十块，媒人却挣了四十。,,2
可见，我国历史上的官商，并不是产生于资本主义开始萌芽的时期，也不是封建主义受到外来资本主义冲击之后才出现的，而是产生于早期封建社会。,,2
得了这种病，药物疗效等于零，只有回到空气湿润的南方才好些。,,2
就我国情况说，在他们看来，只有到今天，作为阶级的剥削阶级才不再存在了。,,2
例如：当市人民法院审理案件时发现新的证人、证物后，最快也要到第二天才可能传讯，而区人民法院遇到这种情况，很可能当天就从事处理。,,2
有关部门回应抗议活动时解释，制定政策时已考虑到对业者的冲击，所以才分阶段实行；已经拨出2．7亿元帮助因推行此项政策的失业者从事资源回收工作等；曾与业者进行过17次沟通，并希望提供失业者名单，但至今没有得到名单。,,2
他们负责游泳场馆的服务，帮助残疾人推轮椅、维持场馆秩序等，每天7点多钟到岗，晚上八九点钟才下班，又渴又累，十分辛苦，但是，他们没有一个迟到早退的，都是跑前跑后，任劳任怨。,,2
到七月份，该厂才向供货单位办理提货手续，但办完手续后又长期不来提运。,,2
通过揭露、批判，职工们认识到走资派和资产阶级技术“权威”那一小撮“洋奴才”不仅在政治上是反动的，在技术上也没有什么了不起。,,2
这一成绩在国内并未引起很大注意和轰动，也许要等到4年后亚特兰大奥运会时，人们才会真正认识到：中国在奥运会第一大项田径上的突破始于1992年世青赛。,,2
二、在人事安排方面（我来自昆明，就昆明来说）可以说，政府已尽量适当安排，做到量才任用各得其所了。,,2
党中央坚持留在陕北，等到打败胡宗南才东渡黄河的决心实现了。,,2
老人光身爬到门边，闻讯赶来的左邻右舍，将大火扑灭，老人才免于一死。,,2
只有在实践中得到新的知识和启示，才可能解决好各种新问题。,,2
他们想不到，抓科技才会解决他们的问题。,,2
记者来到位于巴黎16区拉封丹中学的投票点，门口有警卫执勤，检查证件后才会放行。,,2
随行的老师见这场面吓得脸面煞白，给老薛用了止痛药，也不管用，硬是等到病魔把人折腾够了，老薛才从地上撑起身子。,,2
合作化后，这个乡的六个农业社在距离村庄较远的耕地分别盖起十五间田庄和牛栏，在每一耕作阶段中将所需的劳动力、耕牛、农具和粮食等搬到田庄去，工作完成后才回来。,,2
现在挖排水沟，到明年七月汛期才使用，可是，麦子不冬灌，来年三月不浇返青水，就可能减少收成。,,2
这种供需矛盾，在短时间内不可能得到缓解，而我军建设上的许多事情，又不能坐等军费完全满足了才去办。,,2
在文学艺术部门工作，我看到一个犹如“猫变”的奇异现象：不少作者，在业余创作的时候，精力旺盛，才华横溢，工作中争分夺秒，创作出的作品不断。,,2
总之，无论是投资股票还是购买基金，投资者首先要明确两者的性质，充分估计可能遇到的风险，这样才不致走入盲从的误区。,,2
到了那曲镇，又听说只有海拔5000米的冷底乡才可能下大雪，剧组又立即开赴冷底乡。,,2
就此，姜德寿说，正是因为看到中国经济发展迅速，以及中国经济在世界中的地位不断提升，集团公司才决定在中国进行投资。,,2
正好比人吃苹果一般，光看到表面，不懂得里面真滋味，咬破了皮，才会懂得里面真滋味。,,2
可是因为至今只有唯一的法文论文可查考，既缺乏其它证明，又找不到中文原著，为了审慎起见，暂时还只能视为待考的问题，待多方面搜寻资料之后，才好最后解决。,,2
好言规劝，你们是听不进去的；只有当你们感到再拖下去就要大倒其霉的时候，才会有所收敛。,,2
“干部们只有到村头、下地头、拿锄头，与群众同坐一条板凳，才会丢掉‘官气’，承接‘地气’，聚集‘人气’。,,2
当解放军打到这些匪徒们的大门口，这些匪徒们才从睡梦中惊醒。,,2
由于一些风味菜肴需要特定的调料和厨具，被预约的厨师往往会提前打电话与客户沟通，以免到了现场才发现问题。,,2
近几年来，广州楼盘的名字越来越前卫，越来越花哨、有气派：“××花园”、“××广场”、“罗马假日”、“加勒比湾”等地名举目皆是，这让没来过广州的朋友，面对广州地图会产生某种错觉，认为这里公园花园鳞次栉比，城市广场优雅宽敞，等亲眼见到后，才发现许多“花园”只不过是芜杂的居民区中耸起的一幢单体楼房；不少“广场”只是狭小的室内批发市场；那些充满“异国风情”的地名所指的也不过是一个个普通的住宅小区。,,2
其次，女性在性活动中和恋爱中所寻求的身心目标也是一致的、相互促进的、女性性高潮所带来的身心体验，往往就是少女时节纯洁情梦中所能达到的最高境界，因此大多数女性才会在婚后越来越喜欢和依赖规律的性生活。,,2
石景山发电厂六百多工人，亲眼看到枪决了大恶霸、一贯道头子唐耀西，他们高兴地说：“杀的好，枪决了‘亏心唐’，才大快人心。,,2
但昂贵的门票价格换来的是精彩的演出，许多游客能玩到下午演出结束后才出景区。,,2
穷人每逢夏日，晚上大都睡在街头，只是到严冬才不得不找个避风寒的地方。,,2
党员带头，带领农民齐刷刷来到地里，恢复生产，整地种棉，晚上回到家里，才从废墟中清挖被埋掉的家庭财产。,,2
省石油化学工业厅一位同志告诉记者，目前，绝大部分当地产的化肥都是经县供销社，到乡供销社，再到零售门市部，最后才到农民手里。,,2
在选举前一个月就开始布置了，向各报社送礼希望替他们鼓吹，周锦堂给民权新闻一下子就送去五十万，并且答应成功以后，每月津贴八十万，杜秀升和苗重秀就花钱收买选票，起初一张票一万元，等到周锦堂出到十五万元的时候，他们出了二十万元一张，后来有人从中说和，他们三个人都算常务理事，轮流当理事长，各县代表每人得二十万元，当然这才不说什么了。,,2
把个人融化于贫下中农的集体之中，凡事先想到他人，后想到自己，这是要有高度的阶级觉悟才办得到的。,,2
这就是说，要做到因地种植，一方面要摸清各“地”的特性；另一方面，要摸清各种农作物生长要求的特性，要把“性情”相近的“地”和农作物结合起来，才会长出好庄稼。,,2
当丁贵接连出了质量事故，甚至发展到写退厂申请书的时候，领导者这才为丁贵的事情忙起来了：在大会小会上批评他，调他到锅炉房抬煤，……。,,2
看到卷宗才大吃一惊。,,2
另外，房屋价格必须是购房者年收入的5到7倍才可以贷款。,,2
山间公路崎岖曲折，汽车走得很慢，到太阳偏西，才到冰峰山下。,,2
只有真正懂得了这些道理，在碰到各项具体问题时，才不会迷失方向，左右摇摆。,,2
只有看到过她演唱的人，才会感觉得到那一词一字里的真情所在。,,2
病人的姑姑王秀兰激动地对朱伯儒说：“以前，我听过您的学雷锋报告，现在又亲眼看到您抢救我的侄女，真不知如何感谢您才好！,,2
董森岂能这样做生意岂能这样做生意彭国华友人上街，到一家商店买电剃须刀时，营业员要他先去买电池，然后才准许试选。,,2
这时，也只是在这时，中国人从思想到生活，才出现了一个崭新的时期。,,2
事实上，实施“希望工程”以来，中国青少年发展基金会不断收到要求与失学少年直接建立联系、给予定向资助的来信，为满足广大捐赠者的这种愿望和要求，基金会才决定及时推出这一行动计划。,,2
志琳没想到这一着，心很慌，他想：过去行行都是学三年才出徒，我种庄稼还不到三年，怎么能领导人家？,,2
在“产别”书记局工作的井手弘说：“我这里没有收音机，但是接到了电话，这才听到了斯大林的话。,,2
但是应当看到，只有马克思主义才从根本上对人类社会历史的发展作出了真正科学的解释。,,2
到三十年代，大量的、各个国家的住宅形式都涌进上海，这种建筑真正进入社会活力里边去了，才产生了花园洋房的概念。,,2
只有农民掌握了节水科技，尝到节水甜头后，节水的积极性才会迸发出来。,,2
当他们跋涉20多公里来到乡卫生院诊治时，才发现钱不够，急得父亲在医院取药窗前失声痛哭。,,2
到这时，她才发现自己身上也负了重伤。,,2
当他看完碑文转身见到笔者，竟忍不住搭话：“这才像话。,,2
每天清晨，烧灰的妇女们身背背笼，拿着柴刀，三三两两的上山，午饭带到山上吃，天黑后才回家。,,2
到了雪乡才发现，我们就像一块任人宰割的肉。,,2
我深深感到，党的干部，代表群众利益，让群众得到实惠，看到希望，群众才会支持你，拥护你。,,2
到了东京窥见了些西洋美术的面影，回顾自己的贫乏的才力与境遇，渐渐感到画家的难做，不觉心灰意懒起来。,,2
全面质量管理”方法的主要特点，是把产品质量的控制贯穿在整个生产过程之中，把影响产品质量的因素，排除在产品制成之前，而不是到产品已经制造出来，成为定局以后才去检验。,,2
同闻天同志一别三年多，到1940年才在延安重逢。,,2
到第三天，大雨才停，他们多么高兴！,,2
我素日工作循规蹈矩，小心翼翼，前怕狼，后怕虎，看不见群众力量，也看不见社会发展的光明前途，自然而然的步入右倾保守主义的堡垒，至事实已摆到面前才大吃一惊。,,2
到了戈壁才发现，随身带的水壶忘了装水。,,2
这种生产线比锡焊式的空罐生产线具有许多优越性，特别是能够减少铝锡金属对食品的污染，因而受到世界食品业的重视，一些发达的国家也才刚刚开始安装使用。,,2
同志们劝他休息，他不愿意，一直坚持讲到中午才下课。,,2
人们普遍认为，只有DVD产品的价格降到2000元以下时，才会获得大的发展。,,2
见到县委书记王友富，是在观音寺镇的抢险现场，才几分钟的工夫，王书记又接到电话，赶赴另一个抗洪救灾的现场。,,2
农民合作社经理向工会同志说：“一天工人织了六打袜子，我当他发疯了，原来是他到工会开了生产会才回来拚命干啦！,,2
刘大夫这天真辛苦了，午饭也没回来吃，到晚上才兴冲冲地回家。,,2
后来市委决定不修建了，把一半土地拨给了教育局，剩下的一百二十亩土地一直拖到今年年初才处理。,,2
在这里，坚持一种神圣、纯洁的追求，是达到宁静、步入宁静所绝对必要的——平静地走着你所选择的道路，义无反顾，甘于寂寞，才可能于喧嚣之中，独辟一条宁静的道路，由此发现美，完成一个人格的铸造……当然，“宁静”并不意味着索然独居，并不意味着拒绝人生。,,2
在日常服务工作中，经常可以遇到有些孩子手里攥着两三角钱，翻翻这本书，又看看那本书，不知道买哪本才好。,,2
孩子顺利到达内蒙古，可养育这些孩子的困难，也才刚刚开始。,,2
先行进入非洲进行选景工作的导演和美工一行，还差点成了一个部落武士的刀下鬼，因为那个部落的人把他们当成敌对部落来剥人皮的坏蛋，幸亏翻译及时赶到，做了许多解释工作，才取得了他们的谅解，并最终和中国摄制组成了朋友。,,2
不论走到那里，也不论工作多忙多累，每天晚上他都要坚持完成自学计划才休息。,,2
在观念层面上得到村民认可、形成最大共识，工作才好开展，矛盾就会减少。,,2
这时，我深入到第四生产小组去了解情况，才发现工作虽然包到了组，但是小组没有进行安排，社员今日不知明日事。,,2
按照海南岛的气候来说，冬季最冷的1月份，全区各地平均温度很少到摄氏10度以下的；而夏季最热的7月份，平均温度也很少有超过34度的，只有临高和琼山两县的绝对最高温度，才到过41度上下。,,2
由于认识到武装力量在革命斗争中的重要作用，她才会有强烈的政治责任感和对于自己所担负的工作的自觉性。,,2
摆到桌面上来才叫争鸣。,,2
由此我想到，为什么李先生快80岁了才为他开音乐会呢？,,2
坦雅诺说，他是在得知万象当局要“把他送到越南去治病时才决定逃跑的”。,,2
同样奇怪的是：前皖北日报和现在的安徽日报，对于林杰这样严重抗拒批评和违法乱纪的人，不是紧紧掌握公开批评的武器，对他进行无情的斗争，而是一遇到挫折就妥协、退让，以致事情拖到今天才“拉到日光下来”。,,2
我来到红松的故乡伊春林区好几天，红松那挺拔向上的身姿却不多见，总想和一些上百岁的红松一块照张相，东访西察，最后还是到自然保护区里才如愿以偿。,,2
展开电影的百年画卷，是科学的巨笔为这多情的银幕铺上了浓浓的底色，电影史上的每一次危机与震荡也都是在科技的阶梯上找到支点才化险为夷。,,2
运用之妙总是要在利用前人经验的基础上做到技艺成熟以后才会产生的。,,2
他自己说得很清楚：“在社会主义条件下，一心一意搞个人利益的人，是搞不到个人利益的”，“不要怕吃小亏，以后才会占大便宜。,,2
就举这么几件事来说吧：今年“五一”放假时，火箭筒班老战士王树严，在值班时间向班长请假上街取毛衣，可是他一出去竟到戏院看起戏来了，到晚上十点多才回营。,,2
尼日利亚鼓励医生到农村服务管理尼日利亚医疗和牙科业务的最高机构——尼日利亚医学委员会最近在哈尔科特港举行的会议上作出决定，从今年一月起，所有尼日利亚取得合格资格的医生要到农村去服务一年，才准予正式登记开业。,,2
车的时间到了，李指导员和小伍背着背包，站在最后，一直等到乘车的群众都上去了，他俩才上车。,,2
他们认为，晚稻防倒要从头抓起，越到后期越不放松，“促进”和“控制”双管齐下，见效才会明显。,,2
我接着说，如果在中国，我可能会被警告一到两次，再犯时才会受到处罚。,,2
信上说：“我深深体会到只有毛主席和共产党的领导，才会有这样为人民服务的店员”。,,2
仅以八四级新生而论，早在中学时期申请入党的就有三十五人，其中很多是多年表现优秀的“三好”生，有什么必要一定要到毕业前夕才发展入党，把过去不正常的历史条件下造成的“长期考验”又套用在新一代大学生的头上呢？,,2
吕国华（杭州大学青年教师）：平时常听到共产党干部如何不行，下乡后才发现事实并非如此。,,2
后来，到南京白下路轴承修配厂，才在他们的破旧的轴承堆中找到，恢复了正常生产。,,2
位于市中心的西安市新华书店钟楼门市部还开设了早晚售书部，受到读者的欢迎，至于钟楼邮政、邮电局及报刊门市部也是很晚才关门。,,2
也有人说，马教练不过在迷惑对手，到底谁上阵，只有比赛时才可见分晓。,,2
每个文艺工作者只有全身心地深入生活、深入到群众中去，才会发现和撷取生活中的真善美，自觉抵制拜金主义、享乐主义和极端个人主义的侵袭。,,2
只是因为地主挨户团在关口上把守的紧，碰到行迹可疑的人，轻则搜去财物痛打一顿，重则抓起来杀头，林彪感到走投无路，才又被迫于当夜返回部队。,,2
在大扫荡中，搜集到的资料都损失了，只剩下这张贴在胸口才保存下来的三人照。,,2
只是到日前，青艺导演张奇虹邀我去看她导演的新戏《火神与秋女》（苏雷编剧），才使我对“小剧场”的艺术命运有一些新的感悟和思考。,,2
他扬言，如果要谈判，苏联必须“在联合国和其他地方……为有成效的谈判铺平道路”，而且只有在双方代表“探讨性的讨论显示苏联准备回到和平共处谈判的道路，并有产生效果的某种前景”时，美国才准备同苏联以及其他有关国家的政府首脑进行“谈判”。,,2
到1958年，经西乡、南头、沙井、福永等四个公社协作，才全部竣工。,,2
排除技术上的不完善因素，理想的印章系统只有得到授权才可制作，任何人不可仿造。,,2
阿　斯　旺告别古都底比斯后，继续南行，“绿色长廊”愈来愈窄，柏油路变成了崎岖的乡村土路和荒凉的沙漠公路，只是在快到阿斯旺时，才又出现平整的沥青马路。,,2
因此，作家要作为作品的主体，站在社会历史人生的高度，使作品达到深广时空的背景沟通，才可能创作出传世的通俗小说。,,2
可是，在3个月后，梁实秋就遇到歌影坛才女韩菁清，并展开热烈追求。,,2
深夜两点多钟赶到时，吴庭秀顾不得疲劳和寒冷，立即给才吉拉姆打针吃药。,,2
北京国安队的转机，或许只能等到队中的土耳其前锋伊尔马兹伤愈后才会到来。,,2
他在谈到白求恩一生崇高的精神和杰出的事迹时说，白求恩是一个有才华、有创造能力并且意志坚强的人，他办事从不半心半意。,,2
曼景兰的自然条件非常好，一年可以二、三熟，但过去实际上一年只种一季稻谷，而且耕作粗放，雨季到来，才动手整田，稻子栽种下去，不施肥，不薅草，等它自然成熟，粮食平均亩产只有二、三百斤。,,2
到南宋时在西蜀和尚青了的主持下，“以土窒中川，联两山为一”，才使孤屿中间成为像现在这样一片绿原平野。,,2
这种毒素一般要保持到两个星期或者一个月以后，才在植物组织里分解成为无毒物质。,,2
由此，我们感到当社会真正能够按不同质、不同量体现按劳分配原则时，就能最大程度地发挥人的能动性，许多由古老的价值体系支撑的社会问题才可能自行缓解。,,2
尽管蒙哥马利市的警察事前已经得到通知，要他们采取必要的防卫措施，但是种族主义者仍然毫不受阻地发动了袭击，而且在暴徒大打出手后十多分钟才姗姗来迟的警察并未采取行动制止暴徒。,,2
他家庭的情况是在他牺牲后，同事到四川老家接他父母时才了解到的。,,2
当国家和劳动人民有某种需要的时候，我们一部分劳动者和知识分子来到国家机关；而当国家有另一种需要的时候，当需要减少国家工作人员加强劳动战线的时候，或者当某些人在国家机关不能充分发挥作用的时候，那末，他们就应当愉快地听从分配，或者到农村、工厂，或者到基层工作，这样才够得上是忠实于劳动人民的勤务员。,,2
同时，任何好的措施、计划、方案，只有在得到广大群众支持的情况下，才可能完满实现，如果用包办代替和命令主义的方法去推行，就必然得不到群众的援助、支持，而归于失败。,,2
伦多夫说，范佛里特这次在金化地区发动进攻是经过极周密计划的，“从团部到第八军总部，经过各级指挥多方磋商以后，才下令开始进攻”，而且还特别选派“美国第九兵团司令詹金斯中将全面指挥，他是一个曾在范佛里特的手下随美军到希腊服过役的（指曾帮助希腊保皇法西斯政府进攻希腊人民）老资格的军人”。,,2
在历经1993年红豆由乡镇集体企业到民营股份企业的根本性改制，以及1995年红豆百万年薪全球招聘总经理之后，到2004年9月，集团再次海选总裁，已展露才华17年的周海江当仁不让，在20位候选人中高票当选，从此一干12年，业绩增长10多倍。,,2
到了郏县，一个朋友送我一些盘缠，我才回到了确山。,,2
张傲然说：“我们和慈济的朋友一起去一条小河做河道清理工作，到了河边才发现，尽管美国是一个发达的资本主义国家，但是依然会有一些地方存在严重的环境污染问题。,,2
到4月底，各乡社的出勤率平均才到80%左右，水利、积肥、农具改革和大春作物的栽插进度也很迟缓。,,2
权威”们为了设计这个产品，先找到了进口的样机，又买来了整箱的图纸资料，抄来抄去，抄了几年，才“抄”出个“设计”来。,,2
不过合同到2006年才到期的“大鲨鱼”奥尼尔也赶来凑热闹，球队与他的续约谈判几个月前就已经开始了。,,2
回到大队部以后，李球柏又找老农和积极分子商量，然后再召开农艺师会议，反复研究、讨论，总结了往年直播的经验教训，确定每亩田直播五斤谷种，才在全大队推广一部分“矮仔粘”直播。,,2
如察哈尔省春种以后一直无雨，到七月中旬才下雨，旱的程度是十几年来少有的。,,2
按照执法程序，我们首先要求其整改；多次整改达不到要求后，我们准备对其下达行政处罚通知书时才发现，这家娱乐场所是大学生创业项目，连营业执照都还没有办下来。,,2
自从遇到斗斗，我才从第一次婚姻的阴影中走出来。,,2
五沈校长终于又坐到自己桌前的藤椅上，她习惯地伸腕看了看手表，又望了望桌上的闹钟，闹钟比手表慢了三分钟，她拿过闹钟，调到九点二十八分的位置，又把早五点半起闹的弦上满，这才低下头来，开始翻阅女儿写成的文章。,,2
关于高校招生、收费的“双轨”问题，在李岚清副总理的重视、推动下，原国家教委和教育部经过几年的努力，加上各方面的积极支持、大力配合，到1997年，才在全国完成了高校招生、收费的“并轨”工作。,,2
这次到上海各大自来水公司实习，参观了市区规模巨大的给水工程与下水道工程后，才具体地认识到上下水道工程的复杂性和给水和下水道工程在城市人民生活和工厂、矿山的建设中的重要意义，因而对他们所读的专业感到格外亲切了。,,2
颐寿园1985年建成时，老爷子是最早来到聊天站的，亲身感受之后，才呼喊出聊天站是他的救命站。,,2
她一身兼任这么多职务，差不多天天都要去开会，经常要开到晚上九点钟才回家休息。,,2
马丁·巴格尔夫妇是因为看到许多人在广场上排队才加入这个队伍的。,,2
绿色奥运环保材料挑“大梁”　　走在奥帆赛基地施工现场，竟丝毫感受不到以往施工场地那种尘土飞扬、噪音轰鸣的场景，看到的是有条不紊的施工人员和错落有致的施工住房，间或有一两声机器运转发出的声音，才会提示你正身处在一个紧张施工的工地上。,,2
有一次，我开车走到一个下坡路，前面是涉水路面，我一踏刹车，不灵了，车到涉水路面被沙一挡才停下来，我急得出了一头汗。,,2
从这个意义上说，不论是个人还是政府部门，遇到难题时不妨走出自我的小圈子，巧借外力，这样才可能化解难解之题。,,2
还有的地方把业余作者弄到小楼别墅、避暑胜地、江心孤岛去关门写作，说这才叫“创作环境”。,,2
听到杜重远入狱的消息，宋庆龄、周恩来、董必武、高崇民等人纷纷打电报营救，盛世才也坚决不放。,,2
）回到屋里才发现夜来浓重的露水几乎把白罩衣都淌湿了。,,2
出鲤鱼的须、鳍、头、尾，猜中了那昂首攀登的金龟和竞相奔腾的九马，或许没有人再去留意那江底还有如中国书法一般疏密相间、错落有致的鹅卵石，江中还有悄悄游戏的鸭子和温良敦厚的水牛，江面还有形似苇叶、追波逐流的竹筏……记得30年代初有位年轻的作家曾说过，旅游者看到的多半是些名闻四海、人人赞美的死景，其实天下的风光是活的，并不拘于一谷一溪、一洞一岩，只有自己发现的景致才会有贴心的亲切感。,,2
这些乡镇企业多是得到科技人员的技术指导才发展起来的，但在表扬这些企业的时候，科技人员的贡献却没有人提一提。,,2
从上到下警钟长鸣，安全才不会成为互联网发展的“阿喀琉斯之踵”。,,2
我霍地坐了起来，蹑手蹑脚地摸到了小刘床边，偷偷地把我的新工作服换给了他，把那套旧的拿了过来，再回到床上时，心里才好像平静了一些。,,2
顺着叶乔波手指的方向，穿过咖啡厅透明的玻璃，看到室内宽大的滑雪场内，才上午九点多，已经有不少孩子在玩滑雪了，他们脚蹬滑雪板，身穿防寒服，追逐着，嬉戏着，不时有欢声笑语传来。,,2
学院各级党组织抓住这一机遇，充分利用这一形势，及时对广大学生进行宣传教育，使毕业生看到了希望，看到了施展才华的广阔天地。,,2
列宁在《国家与革命》一书中曾反复谈到这一点，他指出，只有“摆脱了资本主义奴隶制，摆脱了资本主义剥削制所造成的无数残暴、野蛮、荒谬和卑鄙的现象”，人们才会“逐渐习惯于遵守数百年来人们就知道的、数千年来在一切处世格言上反复谈到的、起码的公共生活规则，自动地遵守这些规则”。,,2
惊魂未定的阿雪回到单位，和同事们说起自己的遇险经历时，才发现自己连那名军人的名字都不知道，也没有道声感谢，更让人着急的是，阿雪忘了把那枚金色的军装纽扣还给他！,,2
现在我们感到听上政府的话永没错，只有提高技术才会多打粮食。,,2
1940到1945年，当他还只是个25岁的很有才华的青年演员时，就曾领略过5年铁窗风味。,,2
当她听说未过门的媳妇要下放到本村来劳动锻炼，便满心欢喜的不知如何接待才好；媳妇闹思想问题、装病，她心疼媳妇是累病了。,,2
手术一直进行到12日傍晚才告结束。,,2
实际上“单线”和“平涂”的版画因为它用写实的手法并反映了人民的真实生活而为人民所欢迎的，倒是配称得普及，如果说，它还存在着某些缺点而需要提高的话，（例如提高思想性）那是说“在普及基础之上提高”，而不是脱离群众的单纯技巧的关门提高，预防着“提高”到西欧资产阶级艺术的泥坑子里去，版画艺术才会得到高度的发展！,,2
怀揣敬畏之心，迎接寺库时代“小时候，只有到过年的时候才会添置一件新衣服。,,2
由于这份计划偏高，区人民委员会就派人到电信局找到周斌同志，才发现他并不是办公室的负责人，而且对吃粮计划数、吃饭人数和上月库存粮数都不知道。,,2
要等到中国的产业结构比较健全、中央银行监管十分有利才会实行。,,2
我们起初颇不以为然，等到了深处，才发现一步一重天，步步都让人叹为观止。,,2
到大城市后才发现，如果没有“一技之长”，找工作也不是件容易的事情。,,2
由于巴以双方在谈判程序等问题上的纷争，其最后阶段谈判延迟到去年11月8日才在巴勒斯坦的拉马拉正式启动。,,2
她每天都工作到很晚才回家，那怕是夜里十一、二点到家，也要学习一小时再睡觉。,,2
在拍戏现场人们看到邬倩倩无时无刻不把自己浸泡在角色的情绪之中，所以到拍重场情感戏的时候她才不会借用眼药水来刺激泪腺，而全凭自己的真情实感。,,2
他说，越南在派遣大批军队向柬泰边境地区发动大规模攻势之后，最近又扬言要到1990年才全部撤军，同时提出一系列无理条件，这都说明它并无政治解决柬埔寨问题的诚意，只是企图以此欺骗世界舆论而已。,,2
等到离越南的前两三天，上级才告诉他，要他到柬埔寨去工作，还欺骗说那边生活很好，有肉吃，两年后再回去上大学。,,2
让人想不到相互通信者原本素不相识，只是因为这项善良人的事业才会走到一起。,,2
美国本来以为可以用原子弹来吓倒苏联和全世界人民，但看到这个法宝不灵了，所以才又提出什么“氢原子弹”来吓人。,,2
当陈鹏霄在年迈的外祖父的引领下，千里迢迢赶到武汉水电大学新生报到处时，才发现藏在包袱里的钱早已不翼而飞。,,2
由于唱片公司看中的是她的外形，并不了解她的唱功如何，等到一试音，才发现陈明真竟不能完整地唱完一首歌！,,2
到了八十岁，将怎么说才好呢？,,2
10月26日凌晨1时25分，本来天气预报说晴的天空，突然大雨倾盆，一直下到4时多才停。,,2
在当时有的航运工作同志连我自己也在内存在着严重的畏难情绪，感到真不知如何渡过这个严重的难关才好。,,2
刘小光九段与女棋手张璇七段之战，双方从开局到中盘一直咬得很紧，张璇的白棋只是在官子阶段打劫过程中处理得当，才以四分之一子险胜。,,2
因此，从两次的失败中，我们深刻地体会到：真正的大胆必须以细心为基础；同时只有在大胆精神的指导下，才会有真正的细心，而细心的目的又是为了更大胆地进行工作。,,2
王大娘跑到厂里，找了厂长找保管，找了保管找机修工，硬是看着把水龙头安好，她才回屋。,,2
这一天特别冷，李秀英毫不犹豫，第一个卷起裤管，跳下水池，一直坚持到清理完了池底矿粉之后才上来。,,2
龙治普依然记得1999年初，第一次到张玉兰家调研时的情形，“住的是土坯房子，后院拴了一头猪，除了粮食，一年经济收入就靠一头猪，才几十块钱。,,2
他说：“海洋地物的地位与领土主权和海域划界密切相关，而仲裁庭没有认识到南海问题的根本性争议是主权问题，对南海海洋地物地位的判定，只有在相关主权问题解决后才可能给予合理的解答。,,2
一百军和七十四军的伤兵，第二天清晨醒来时，一看医院里的护士与看护兵都不见了，到开饭的时候还不见回来，只得起床一拐一跛的出去看，哪知院内的药品、器材都空了，才发觉是已经逃走了。,,2
这家报纸强调指出：只有在得到一切爱好和平的人民支持的越南南方民族解放运动采取行动强迫之下，帝国主义才会停止屠杀。,,2
他由衷地感叹：“当了30多年的行政官，到现在才体会到自身创造价值的乐趣。,,2
把精力放到履职上来，把心思放到大会上来，有了好心态，才会有好状态。,,2
当残余敌军发起第六次冲锋时，却出乎意料地没有受到任何火力的还击，他们小心翼翼地进到那个阵地，才发觉我军一个排已经全部主动撤走了。,,2
比如，明明见农民违法占地盖房，却睁只眼闭只眼，不去制止，等房子盖成了再去强行罚款；有的地方计划生育“春松夏闲秋不管，到了年底喊一喊”，等人家快临盆了，赶去强行罚款；有的地方建厂办企业时，不去落实治污政策，非要等到污染已不可收拾时，才前去强行罚款。,,2
此间分析家认为，随着冬季的到来，市场对石油的需求量增加，欧佩克希望借此机会恢复信誉，稳定油价，所以才决定提高产量限额，以满足部分超产成员国的要求。,,2
可是，基层企业却表示，单纯靠知识产权质押获得银行贷款的企业很少，多数得到贷款的企业，实际是将知识产权与应收账款、股权、有形资产和企业信用等“打包”，才从银行贷到款的。,,2
她所收集到的土方，首先是在自己和家里人身上试验后，才为群众用。,,2
玉机路和颐香便道桥涵，事先没有经过钻探，到施工时，才发现实际情况和设计时的想法完全相反。,,2
等到有人揭发，才去“真正领会”。,,2
连队离夜校三里多路，两年多来，不论风雨雪飘，不论有电影电视，他俩几乎每晚都去夜校教到十点多钟才回营房，第二天仍照常参加连队工作。,,2
欧佩克专家小组同时又认为，只有得到英、挪等产油国的合作，油价才可望回升至每桶二十至二十五美元。,,2
根据有纪录可查的，到现在为止，联合国军总部处理我方正式文件，在大多数的情况下，是将我方的文电或者是加以割裂、删改而不是全文公布，或者是经过严格的选择才全文公布了几件，或者是完全不予公布。,,2
以前学中国革命史是形而上的，依我的估计今天的许多正在念到这阶段的学生，只是在提到“名词解释”这类的专有要求时，才会将简单的史实罗列一下，取个好分数。,,2
往年都是在最后一天中午的闭幕记者招待会上即正式宣布获奖名单，今年却由于电影节当局出卖了电视转播权，因此只能到晚上举行发奖仪式时才公开宣布获奖名单，这可害苦了来自世界各国的2000多名记者……11日晚7时许，发奖仪式终于在电影节主楼大厅开始，大厅内人们的掌声欢迎着一个又一个获奖者登台领奖，当仪式主持人宣布“现在还剩下3项大奖”时，大厅内突然安静下来，女明星瓦连蒂娜小姐宣布，获得最佳导演特别奖的是《过年回家》的导演张元时，场内掌声雷动，张元导演登台领奖，双手高举那制作精美的奖牌，摄影师们的闪,,2
当韩毓海开始讲《共产党宣言》的时候，“选课的人数已经由100名增加到了300名，教室已经不可能容纳如此之多的听众了，但还是有不同专业的青年才俊们“成群结伙”地涌进来，聆听一个中文系的老师讲他心目中的马克思。,,2
法国坚持不同“星球大战”计划合作，西德已延期到夏末才决定是否参加这一计划的某些项目。,,2
他表示，只有在以色列军队立刻从所有被占领的领土撤到一九六七年六月五日前的界线的基础上，埃及才准备接受停火。,,2
游到出事地点，才发现遇险的还有一个人。,,2
（潘治）电磁波激发物质超导特性一般超导材料只有在其温度降低到自身的超导临界温度以下，才会呈现超导状态。,,2
到女儿长大成人出嫁时，才取出招待亲友。,,2
我想，如果一个真正的人民作家去访问这样一位先进人物，他必定会情不自禁地首先同这位女青年站到一起，去和那些恶势力斗争，为她争取一个较好的生存条件，然后才会动笔写她。,,2
补充险快到期时，我向保险公司申请结束补充保险项目，可谁知保险公司告诉我，这个需要寄挂号信说明才可以结束，法国这地方真的是干什么都要寄信啊。,,2
上述的罪行从九月七日到九日持续了三天，发生的地方是越南人民军最近才从那里撤到临时驻扎地的地区。,,2
他把这种供给美帝情报的勾当，隐蔽了两年一声不响，直等到前年，他才初次发表了“费孝通教授给英国‘评比’杂志（Encounter）的一封信”（见1955年10月7日光明日报），并于去年6月间，在窥测了“天气”之后，通过花言巧语和轻描淡写的“老朋友之间的新认识”（见1956年6月的“人民中国”第十一期和同月12日的光明日报）一文，一方面极无耻地夸耀其“杰作”扬名国际；另一方面则把他自己向来干惯的卖国活动，说成为这仅是一种学术上的友,,2
新闻发布会结束后，有的记者问齐怀远：8月初双方会谈后，为何要到9月份才复会？,,2
作为一名刚毕业的大学生，他感到自己4年苦读，仿佛在这一刻才产生了升华。,,2
他们听到女儿被蒋军抢去，全家大哭起来，大半夜我不能坐卧，急的只在屋子里乱转，等到天明，路上行人都说蒋军走了，才和亲家一气跑到俺村。,,2
她又帮病人办理了住院手续，把病人护送到病房，才回饭店。,,2
此外，东北代表团中一位学生代表说：“报告中说到要尽力培养青年学习各种知识，使我们才从旧社会走过来的学生明显地意识到处在新社会的幸福，而且想到未来的一代，他们一定会更幸福。,,2
林玉珍看到后，也当面批评说：“我们管理人员心要公平，群众才会信任。,,2
在他的创作遇到困难的时候，总是党的有力的手支持了他，使他才写完了这个戏。,,2
中国证券报副总编辑施光耀认为，虚拟经济是因实体经济发展到一定的程度才产生的。,,2
我们的地球，从诞生到现在已经有46亿年的历史，而人类的出现不过一百多万年，人类进入文明社会就更晚了，才几千年。,,2
任何艺术使人感到单调总是不好的，人们正是为了丰富精神生活才去看电影的。,,2
他想到这里，思想豁然开朗了，发现自己注意预防交叉感染并没错，而是思想感情离农民太远，缺乏为阶级兄弟解除病痛的阶级感情，所以才产生这种不负责任的态度。,,2
四、如果灾民已经逃到某一地区，当地政府必须动员非灾区群众发扬友爱互济合作精神，安置外来灾民，才不至发生主客不安、扰乱秩序的事。,,2
记者曾听到一个被牧主割去双手、夺走妻子的“聂拾匹”（流浪汉）的惨不忍闻的控诉：那是1948年的冬天，反动牧主华让霸占了劳动牧民才亨松的妻子，她已经怀孕九个月了。,,2
我现在认识到，不但要好好学习中文，还要多说中国话，更多了解中国的事情，进步才会快。,,2
到了干校，参加集体生产劳动，重新学习，接受贫下中农再教育，才使我又恢复了贫下中农的感情。,,2
他还说，正是考虑到这种局势，法国才参加大西洋联盟。,,2
看样子，李妙顺要一直忙到给她送终才会停手。,,2
糊好后，他们又把掉下结成冰的浆糊铲掉，把教室打扫干净，从下午一点多钟一直干到五点多钟才回家。,,2
河南洛宁县城关仓库储备的黄马牙、白马牙、金黄后等玉米良种，在入仓前都经过农业技术推广站和粮库工作人员共同检验，分别包装的；但是保管员只按照黄白皮色来保管，把夏播的春播的混杂在一起；到春节的时候，又把良种当商品粮供应给群众；今年夏种的时候，又把春播的玉米当夏播玉米供应出去，有些群众已将种子播种到地里，才发现这种情况。,,2
1951年，筑路人员曾经在这里搏斗过好几个月，有些人临到过春节才下山。,,2
我们党依据马克思列宁主义学说，并没有等到国家从外国占领者手中完全解放以后，才去建立人民政权。,,2
关于成立联邦的问题，他说，“等到三片领土全都得到自由的时候”，“那时——而且只有在那时——我们才会考虑谈判成立联盟的问题。,,2
到了第二局10分后开始改变打法，在接发球上以短搓和抢攻为主，才取得胜利。,,2
捧读她们那或雄阔浩瀚，或低回哀婉，或风轻云淡，或唯美智趣的诗作，我们不仅可以感受到其悲悯仁厚的博爱情怀和飞扬灵动的敏俏才华，更可以沉浸于高远与平朴、厚重与灵俏、尖锐与柔软、凌厉与温婉相融相成的诗情诗境之中，畅享远空、低谷，尘世与乌托邦的诗美之魅。,,2
文明参赛已经成为国内马拉松在新阶段中要完成的目标，这需要每一个马拉松从业者和参与者的共同努力一组数据可以直观感受到马拉松这项古老运动在当今中国的蓬勃发展：1981年第一届北京马拉松赛的举办标志着中国城市马拉松赛起跑，在此后近30年的时间里，中国的马拉松赛事数量才发展到十几场；而仅仅2015年一年，在中国田径协会注册备案的马拉松及相关运动赛事就达到了134场，较2014年增加了83场，增幅超过160%。,,2
到1948年才又重新恢复到目前疆界。,,2
就在秦福荣班晚点的第二天，陈书华班跑这趟车时，气候条件相同，但他们接受了头一天的教训，车到红柳河车站时，看到汽、水比较紧张，就坚持整好了炉，烧足了汽，然后才发车。,,2
年轻的大学生们，难道也得等到这么一天，才会有这种紧迫感吗？,,2
有时白天找不到访问对象，晚上又去，过十点才回来。,,2
同样，在和平应用上，雷达网将使飞机和船舶的航行得到最大的安全，将使气候的变化迅速地被人们所掌握，也只有借助于雷达网的日益完善，星际飞行才会有保障。,,2
天刚亮，姐妹俩啃块饼，喝点开水就上路了，中午，为了能多收货，就边走边吃点干粮，常常到天黑了才回家。,,2
只有当它们运行到与太阳、地球三者成一直线，也即“冲日”之时，才便于观测。,,2
考试合格再经过焊样试验，达到质量标准后，才参加焊接锅炉。,,2
周总理在视察清华大学时指示说：要用最低的成本最容易找到的材料来做这种汽车，要能燃用酒精，这样才可以推广并用来代替三轮车。,,2
但是，整个演习将延续到三月五日才告结束。,,2
据不完全统计，80年代末，塔河流域的耕地仅有50万亩，现已达80万亩以上，而全河干流规划到2000年的耕地面积也才只有72.13万亩。,,2
为了进一步深入表现军民关系，影片又追溯到三年前军民团结抗日的战斗情景：高营长奋勇杀敌不幸负伤，是赵大娘和玉敏热心照料和精心护理，才使他伤口痊愈，重返前线。,,2
法国议员中比较有远见的人们认识到，邱吉尔所谈到的法国的“孤立”只有在批准复活西德军国主义、使法国沦于二等国地位的巴黎协定时才会真正形成。,,2
到1960年初，苏联全国集体农庄使用的电动机就达四十一万九千台，而1953年才只有九万九千台。,,2
青年就主动接过行李箱，扶着她上了公共汽车，送到招待所安置好了才回厂。,,2
例如今年我厂工会主席到北京开会，当天晚上才出提纲叫我们总结，第二天下午就要。,,2
但是当他一想到，那盼了半辈子才到手不多年的土地和那匹“后背胖得像面板”似的大青马要加入社的时候，就动摇了。,,2
驻厂军代表抓住了这个思想苗头，本着“不要等到问题成了堆，闹出了许多乱子，然后才去解决”的精神，坐下来开门整风，吸收工人代表参加。,,2
那知一阵沙滩急行军过后，前面方看到正河身，据对岸来人谈：河床有二里来宽，这才又使大家精神紧张起来，河冰刚托得住人，上有一层浮水，队伍仍踏着门板而过。,,2
她感到非常高兴，并且说道：“罗曼·罗兰生前对中国有着很大的兴趣，他一向深切同情和支援中国人民，正象托尔斯泰一样，遗憾的是他很晚才同中国人有了交往，而且未能到中国去。,,2
那时顾先生等一批北大教授由于躲避北京政府的黑暗统治，南下厦门，又来到广州，到中山大学教书，这时我们才初次相遇，但因为有了前几年在《歌谣》上通信的铺垫，我们一见面就成了老熟人。,,2
我们有些做财政工作的同志常常说“八月十五放光明”，就是到了每年的八、九月间，才动用预备费（和一部分超计划收入），安排一些新的支出项目。,,2
作为美术世家的后代，天资聪慧的庞涛，自幼就受到中国古代艺术和西方现代艺术熏陶，接受了严格的基础训练，很早就展露出过人的艺术才华。,,2
当法庭把传票递到苏丝蒂手里时，她才仔细看了一遍合约，上写：结婚后5年内苏丝蒂不得长胖，每增一磅体重，应赔偿克伦斯1000澳元，体重增加到一定程度，克伦斯提出离婚，对方应予同意。,,2
在这种明显带有种族歧视色彩的白澳政策下，夺取土著儿童的行为被披上了合法的外衣，一直延续了80年，到本世纪60年代末才告正式结束。,,2
根据毛主席关于“当官的要向战士学习，把别人的经验变成自己的，他的本领就大了”的教导，他想：矿上的同志战斗在生产第一线，他们这样提，肯定有道理，应当到现场调查一番，跟矿里的同志商量一下，看看群众有什么办法和措施，然后再做决定，才会更有把握。,,2
奈蓬尼阿奇教练表示：“对我们来说，进入决赛阶段已经感到很满意，但我并不以为我们不能希望取得好结果，在足球比赛中，有时不那么出名的队也能获胜，正因为如此，足球才如此美好。,,2
但是真正到了奥运会赛场上，我们才发觉我们的实力和欧洲强队相比，究竟差距有多远。,,2
不久，她就到了弟弟家，住了半年才回来。,,2
找到值班室，医生在还好，多数动作较快，但也有慢郎中，就怕有时敲半天门没人，这才发现门上一小纸条“去××病区，请稍等”。,,2
退伍军人曹木茂因有手艺（会织布）不愿入社，王便命令村干部封曹的家门，曹木茂吓的逃到河南躲了好久才回来。,,2
以前工人对他们这些兽行，连提都不敢提，到今天工人们才出了这口冤气。,,2
几名解放军战士来到了河边，看到广大贫下中农搭的桥，感动得不知说什么才好。,,2
在我所访问的供销社中，情形都是一样的，早晨出海打鱼时，渔民也跑到社里看一看，从海里打鱼回来的时候，他们并不先回到自己的家里而是先到供销社里休息一番才回家去。,,2
肇州新隆村趟地缺马力，而各组马力不一，就提出：“你组多一匹，我组少一匹，插到一块就是一付趟犁”，“马力不要闲，插好才合算，趟地能及时，又能挣工钱。,,2
后来，因为这样的滚板机买不到，才去请教苏联专家。,,2
对于那些初次求职的大中专毕业生来说，善于端正自己的就业观念和就业心态，不为虚荣所累，不与任何人攀比，放下大学生自视清高的架子，敢往需要自己的“低处”走，到那些适合自己发展，能够施展自己才华的基层岗位去，到需要自己的中小企业去，到乡镇企业去，既是一种大智若愚的明智选择，又是一种以退为进的理性而务实的行动。,,2
我为能结识这样的朋友感到自豪……”“优奇”试验成功召开新闻发布会的那天，尉彭城又一直忙到深夜才回家。,,2
可到了月底领工资时，才发现没有预想的加班费。,,2
他们说，这样带着问题学，一带到底，才不致于“会上带问题，会后没问题，下次再找还是这个老问题”。,,2
一日三餐，饭菜端到了桌上才去叫他吃饭，连自己的衣服都不要他洗。,,2
使他感到：“刚穿上灰衣服，老乡们就靠近我们了”，这才使他懂得了“共产党为人民服务”的光荣。,,2
她同时指出：分离得到的青蒿素单体，虽经加水煮沸半小时，其抗疟药效稳定不变，“可知只是在粗提取时，当生药中某些物质共存时，温度升高才会破坏青蒿素的抗疟作用。,,2
只有到一九五三年秋天，越南劳动党和越南民主共和国政府派遣群众工作队来到仁和村，在那里进行访贫问苦，才发现这位老人已经有一百二十岁了。,,2
这个问题也许到2050年回答才会更有意义。,,2
他说，安南已经表示，只有伊拉克采取了明确措施，全面恢复与联合国特委会的合作，并认真执行安理会的有关决议，以及在得到安理会支持的情况下，他才会前往伊拉克进行访问。,,2
经过讨论，各部门领导干部认识到只有坚决贯彻以农业为基础，以工业为主导的发展国民经济的总方针，积极支援农业，夺得今年农业丰收，才会把部门工作带动起来。,,2
波兰人员和另一批瑞士人员原定在十九日上午九时三十分一同乘飞机由群山赴釜山，但被美方拖延到下午二时才乘到飞机。,,2
农业生产是复杂的，由缺乏农业知识到具备农业知识，由缺乏生产技术到学会生产技术，需要一定的时间和过程；同时，农业生产有强烈的季节性，现在春耕大忙时期已经到来，不能等待所有的人都学会了技术才去搞生产，这就要新社员们在生产中更加努力干努力学。,,2
在回忆对比时，广大群众还对比了小农经济和集体经济的不同条件，认识到只有依靠集体经济，进行有组织有领导的斗争，才为消灭血吸虫病创造了条件。,,2
另一老友侯德榜，全世界知名的“侯氏制碱法”发明人，也是与帝国主义商品如卜内门等搏斗半生，到了今天，人民政府才使他英雄有了充分的用武之地。,,2
我觉得孩子刚来不会英文，遇到这样的事有理讲不出，才委屈成这样。,,2
红孩到此才信，林水领导的优抗工作真好。,,2
要坚定共产党人理想信念，对错误思想和言论理直气壮批评教育；要坚持求真务实，察真情、说实话，出真招、办实事，下真功、求实效，让埋头苦干、真抓实干的干部真正得到重用、充分施展才华，让作风飘浮、哗众取宠的干部无以表功、受到贬责；要坚持清正严明，形成正气弘扬的大气候，让那些看起来无影无踪的潜规则在党内以及社会上失去土壤、失去通道、失去市场。,,2
我们的社还不是由小而大，而只是从无到有，才初具规模。,,2
起初，他不敢将这六条公布出来，怕变成自己的“压力”，后来感到这样想法不符合毛主席的教导，才下定决心，把这六条以“服务公约”的形式贴出来，并坚决执行，受到各方面的好评。,,2
缩短育种年限，把新品种多快好省地推广到生产中去按照杂交育种的一般程序，在两亲杂交后，杂种经过五、六代，主要经济性状才基本稳定。,,2
也许到了没法过日子的时候，人们的节能意识才会觉醒。,,2
巴勒斯坦人民和阿拉伯国家共同战斗，战争持续到一九四九年二月才停止下来。,,2
他们到那里以后，看了一个正在出焦的炉子，才发现石家庄焦厂的焦末率不仅低到3%，而且已经降低到2.58%，炼一吨焦炭少耗用净煤四十到五十公斤。,,2
西安市师范学校艺术班任教的音乐工作者张引看了这部影片后说：“从这部影片中，我深深感觉到音乐工作者只有积极参加人民群众的生活和斗争，反映人民群众的要求，很好地接受民间艺术的遗产，才可以创造出好的音乐作品。,,2
在中国，在我党，这一类斗争，看来还得斗下去，至少还要斗二十年，可能要斗半个世纪，总之要到阶级完全灭亡，斗争才会止息。,,2
最近，我们院组织了一个工作组，到现场“解剖”了一对矿井的设计，才发觉溜槽上的问题，远比平日设想的严重得多。,,2
前面讲的《霓虹灯下的哨兵》那迷蒙虚幻的南京路背景，是前线话剧团设计者在对帝国主义长期盘踞的十里洋场的上海，和解放不久的南京路上的情况分析、研究，再到实地去观察，体验，朝夕揣摩后加以概括综合，才使得布景深刻地烘托了糖衣炮弹和“香风”下的阶级斗争的复杂性。,,2
有些党的组织，对一个党员的尚在萌芽时期的错误，很少加以批评和揭发，通常是在某一个党员的错误发展到严重程度时，才不得不进行批评和斗争，其结果就使一个本来可以挽救的党员，发展到不可收拾的地步。,,2
并告诉他，他的老母亲活到八十八岁，几年前才去世，姐姐、哥哥、弟弟都有了儿女，都非常想念他。,,2
深圳市政府组织了52家企事业单位，准备了471个职位到海外招贤揽才。其中年薪在10万美元以上的职位有20多个，而深圳民营企业华昱机构则开出30万美元的价位，招聘首席执行总裁。,,2
目前的设备能够满足预料到1965年才会达到的消费者的需求。,,2
第三，或者罗隆基说是看到报纸的，储是6月1日发言，2日必然见报，但问题是6月2日上午九点多钟我去罗家听到赵文璧向我转述“党天下”发言后，才到罗的传达室找到报纸，那时报纸刚来，但罗已经向赵文璧谈过了储安平发言，并且罗已经到民盟去了。,,2
从小学到大学，老师们手把手教孩子们生活常识，引导他们培养健康兴趣，树立正确的世界观、人生观、价值观……爱的师魂，无处不在，有爱方能育良才。不时也会听到有些教师感叹“现在的孩子不好教”，其实也不尽然。,,2
后来组长叫她回到她的排里去，她才兴奋地挎着枪找她的同志们去了。,,2
过去大家认为真正的灯具到战国时才出现，但实际上不晚于商代，我国就已经有了燃油的灯具，油灯的材质和样式也逐渐丰富多样。,,2
你不是作为主人翁中的一员，站在六亿的队伍之中，感到这社会主义国家是自己的，应该让自己和群众一道，把这“才”在群众的熔炉里锻炼、陶冶，使它能够为建设自己的祖国放光芒、射异彩；而是站在这六亿的队伍之外，撅着嘴巴，憋着一肚子气，觉得你不来团结我，我就不靠拢你；你不“赏识”我，我就不买你的账；“你”“我”之间，界限分明，壁垒森严，这不是自外是什么呢？,,2
苏班德里约还透露，同时还决定，在新加坡作好准备的美国船只只有在得到印度尼西亚政府许可的情况下，才可以开进印度尼西亚领土。,,2
她坦率地说，并且给我讲了一件趣事，在军艺读书时，冯瑞丽是出了名的“慢三拍”，每次等到班主任点名时才姗姗而来，有一次到外地演出，下午4∶00出发，她3∶30就溜到车上坐在后排捧了一本小说津津有味地看起来，当班主任习惯地问了一句：“谁还未到！,,2
痛定思痛，新的市委班子认识到，“有的干部违纪违法，主要问题不是出在才上，而是出在德上；不是出在做事上，而是出在做人上；不是出在勤政上，而是出在廉政上。,,2
53岁的段素贞看帮工队排不上她的号，便主动承担了为帮工队做饭的义务，她每天早上5点多起床，把一日三餐调理得美味可口，直忙到晚上9点多钟才回家。,,2
一次演出突然停电，然而农民们不走，村干部只得跑出十多里路联系供电，一直演到后半夜，农民才乐呵呵回家。,,2
心理疾病需早求医阳光心理安康中心主席、精神心理专科医生陈张栩表示，华裔对罹患精神疾病感到羞耻，认为只有疯子、傻子才会去看精神医生，结果导致心理疾病愈加严重，最终导致自杀悲剧发生。,,2
去年后半年，清花车间的夜班工人为了省事，没有除去杂质，就直接把棉花放到开花机里，结果由于棉花里混进一块铁片，把开花机打坏了，用了三、四天的时间才修好。,,2
像杨振宁、陈香梅、王嘉廉、骆家辉、李昌钰、何大一等人，他们紧密地与各族裔打成一片，扎扎实实地融入到主流社会，积极参与当地族群和华人社会的各种活动，包括参政，展示自己的才华和实力，在为所在国作贡献的前提下，也关心支持祖籍国的发展和兴盛，不仅受到各族裔的爱戴，也赢得华人社会乃至祖籍国的敬重。,,2
只是由于岸信介集团的这一阴谋已经在日本人民的强烈反对下遭到挫败，它们才又妄图采取延长会期甚至武力镇压的手段，来批准日美军事同盟条约，向预定在6月19日访问日本的美国总统艾森豪威尔“献礼”。,,2
多数人还没富裕起来达到什么程度才叫富裕？,,2
黄欣是一九五二年随卫生部昌都民族卫生工作大队来到康藏高原的，她那时才从广西医学院毕业。,,2
他说，他只有在政治会议保证在一定时间内使他达到“解放和统一朝鲜”的时候，他才不破坏停战。,,2
市纪委一直拖到1987年6月19日（距发案时间三年整）才作了一个“让李武起在公司党委扩大会议上作检讨，总结经验教训，下不为例”的“处理”。,,2
在进行工作时，一方面要与建筑工程公司和施工单位建立经常的联系，充分听取他们的意见，了解基本建设的特点和要求，使制订的调配制度和办法符合基本建设的需要，以达到为基本建设服务的目的；另一方面要紧紧地依靠工会，只有这样，才便于了解工人的政治、技术情况，掌握工人动向，对工人进行教育，整顿工人队伍，推行先进经验，贯彻调配制度。,,2
但潮湿的气候下，烤鸭制作受到不小的挑战，师傅们根据南北气候差异反复调整火候、用料和烤制时间，前前后后共计试验了11次，北京烤鸭才在杭州有了纯正北京味儿。,,2
作为一只“有格调”的鹦鹉，蒂克在天没亮之前绝不可以起床，可一旦睡够了，伯格就得尽快打开鸟笼门，让它飞到栖架上；至于菜单，更是要常换常新，挑剔的蒂克才不肯连着三四天吃一样的饭菜，否则它就要开始糟蹋食物；要是你敢强迫它去做事情，它可是会狠狠地咬上一口……编辑点评：在作者生动的笔触下，我们能体味人与其它生灵的和谐。,,2
内蒙古自治区到1982年底，实行“大包干”的牧业队才占到牧业队总数的71%，今年8月就已经发展到92%；四川省已经发展到96%；青海省今年初统计，实行“大包干”的牧业队仅占25%，到8月已经发展到75%；新疆维吾尔自治区到今年4月实行“大包干”的牧业队只占8%，3个多月就增加到45%；甘肃省实行“大包干”的牧业队去年就已经达到90%以上。,,2
回顾自己两度搏击的自学过程，我深深感到：高考制度的恢复，使得我们每个人面前都敞开着大学之门，只要你顽强拼搏，即使由于某些原因没能进全日制高等学府深造，也同样能成为有用之才。两篇作文两篇作,,2
生产关系一定要适合生产力的性质，只有生产力发展到某种状况才会引起生产关系的某种变革”。,,2
他们发扬连续作战的战斗作风，不怕炎热，把这块肥料取上来，到了下午两点多钟才回去吃饭。,,2
只见他用手一挥，潜望镜又刷地降下，从升到降，总共才几秒钟，只用了训练大纲规定的“优秀”标准时间的一半。,,2
在你逝世的当时我不敢相信，甚至到如今我还不能相信这样不幸的事会降临在你那生动活泼、无忧无虑、精力充沛、仅仅活了二十三岁的、一个才华横溢的音乐家身上啊！,,2
从北京到太原的铁路，也利用了许多天然的坡度，为什么在这里就一定要把所有的车间都建筑在一个水平上，才便于火车顺利运行呢？,,2
好像是什么认证吧，只有达到一定的安全条件国家质量管理部门才允许贴的标志吧。,,2
有一次，詹家合作社开了一张五百十二万元的空头支票，龙游营业所把这张支票入账上缴，送到银行以后，才发觉该社并没有这许多库存，以致该营业所不能完成上缴任务。,,2
当把千把瓶牛奶送到订户后，这才坐上公共汽车，赶到市牛奶公司的工会去上班。,,2
对于这样严重的侵略行为，越南国际委员会一直拖到二月十三日才向日内瓦会议两主席提出了一项特别报告。,,2
当春雷震荡大地的时候，人们感到了春天的信息，而春天的万紫千红，是在春雷滚过大地之后才到来的。,,2
第三，欧洲的钢琴音乐文献非常之多，并且得到高度的发展，钢琴工作者只有掌握这些大量的文献，才可能掌握钢琴艺术，因此，钢琴艺术要坚持工农兵的方向是有困难的。,,2
史克洛夫斯基在世界各国天文纪录中寻觅在仙后座上爆发的超新星，终于在中国历史的纪载上找到了他所需要的材料，这客星于晋太和四年（公历三六九年）春二月初见于紫宫西垣，到七月才不见，从此可以算出这星云距太阳系约一万光年左右。,,2
缺位”的父母小群的父母迷上麻将之后，基本每天都在麻将馆搓到深夜才回家。,,2
对此，我们是不同意的，后来答应只等国外订货到，便优先把设备补回给我市，我们才勉强同意了。,,2
学校的发展也缓慢，到1957年底，全国才只有技工学校一百四十多所。,,2
江西瑞金市云石山乡人民政府温馨谷城有人设卡收费谷城有人设卡收费去年12月14日中午11时许，我们一行人乘坐的汽车行驶到武汉至十堰公路谷城县境内（距新公路隧洞约2公里）被一路卡拦住，守卡人说交了道路养护费后才可通过。,,2
首先把七十二个男女劳力全部编入操作组，固定下来；同时订出了七天为一期的小段生产计划，根据生产任务，发动群众讨论，采取农活派到操作组，并按照劳力强弱、农活大小难易，合理分工，因才使用。,,2
这次会议从当地时间五日下午六时一直进行到六日凌晨一时才休会。,,2
不要等到问题成了堆，闹出了许多乱子，然后才去解决。,,2
拟人化的人物不能影射，只能反映出你要写的这种人的思想本质的东西，使读者看了意识到，这是从某一类人的思想本质里概括出来的典型，这样的艺术形象，才会有生命力。,,2
在这种情况下，彭真预感到旧舞台上的帝王将相、才子佳人、死人洋人的末日即将到来，于是他赶紧跳出来顽抗。,,2
种植计划确定了，“三包”合同签订了，到了播种的时候，才发现种子不够，或者品种不全，不得不临时被迫改变种植计划。,,2
剧本处理母子相会一段比较细腻真实，有感人的效果；但到张雅云上场，导致一死一走的结局，则显得有些草率，要更丰富、合理些才好。,,2
不能等到穷极客观真理以后才去敢想敢说敢做；只有在敢想敢说敢做之中使自己的认识一步步深化当然，如何敢想敢说敢做得更好，或者说，如何使我们想的、说的、做的，更加接近客观规律，却不是一件轻而易举的事情。,,2
一直玩到夜里1时半才回到住处。,,2
他曾经据说是仅仅在收到兰科维奇的一封警告布兰科夫说他的家庭将受罪的威胁信后，才写下他拒绝追随铁托的假声明。,,2
在张宇航家中，我们见到头天（5月5日）才回到家的张宇航：他头发很长，瘦得皮包骨头，身体十分虚弱，正躺在床上输液。,,2
据统计，从1986年到今年3月底，上海经济区各家专业银行办理的票据贴现业务近8000笔，总金额约25亿元，其中上海市工商银行就独占6000多笔、金额18.56亿元，而其他金融部门和部分城市才刚刚试点。,,2
王健、孙梅英在六平后，接连得分，形势开始好转，最后打到二十比十六领先，眼看这一局的胜利在望，不慎因抽球出界再失二分，最后孙梅英吊了一个短球，又取得一分，才以二十一比十八扳回一盘。,,2
空气中的二氧化碳要使人感到不舒服，起码要占到空气的4%左右才可能。,,2
江帆说，第一天晚上，他把窗子打开，头靠着窗户，以便得到尽可能多的氧气，这才勉强入睡。,,2
只是到了1957年才克服了这种不均衡现象。,,2
他们克服了巨大的困难，冒着生命的危险，深入人迹罕到的原始森林里，辛苦地工作了将近一年，才为我们摄制出这部影片。,,2
这在于群众能够充分体会到党所提倡的事业，都是为他们自己的切身利益着想，群众才会按党的方针积极行动起来。,,2
华盛顿的紧张气氛绝不是从什么美舰遭到袭击产生的，因而在八月四日下午六时以前华盛顿无紧张；华盛顿的紧张是从它决定根据谎言进行冒险产生的，因而才在八月四日下午六时以后华盛顿出现了所谓危机气氛。,,2
中国的消费者是否能够得到赔偿，以及以什么方式、得到多少赔偿，必须要由中国消费者提出诉讼，并通过中国司法机构在听取大量科学、严肃、深入的调查和取证基础之上，根据中国法律作出判决才可能进行。,,2
三、在摸索创造中的烘干机烘干机的建立，是从去年十一月就开始打好地基工程，到十二月正式动工，今年二月底才大体完成。,,2
在她小时候，一般每年要等到春节前，父母才会带着自己，赶一个多小时的路，到县城的商场买件新衣服。,,2
当时时间紧，未认真检查，到家后，才发现保温杯的杯环已坏。,,2
我所能做到的，就是要尽心尽力为西藏的教育事业，奉献我的青春和才华。,,2
说到底，监督不是“找茬”，而是“消毒”，经常开展批评与自我批评，抓早抓小，防微杜渐，让“红红脸、出出汗”成为常态，才不会让自己绊倒自己。,,2
一个没买到书的女中学生哭了起来，从维熙赶忙从自己书包里找出一本书来送她，才使她破涕为笑。,,2
这一切，需等到多数成员国都同意时，英国才可能同意。,,2
平时乘直升机从戴维营到白宫用不了半小时，结果布什一行在大雪中“长途跋涉”两个半小时才回到白宫。,,2
我们估计，开始时大概会采用环绕月球再回到地球的方式，然后才会尝试在月球上降落和起飞回到地球。,,2
她的可爱之处，在于感到空虚而又不完全甘于空虚，敢于向自己提出“每天上班下班、吃饭拿钱……有多少兴致”的严峻问题，正是由于她想借助于郑志桐充实的灵魂来充实自己，才产生了走出“堡垒”，与“大兵”建立爱情的行动。,,2
马德里的华裔子女星期一到星期五都在西班牙的中小学上课，只有周末才会来中文学校。,,2
一次，二次，到第五次，围堰才加上了混凝土，把河水挡住了。,,2
在招商引资方面尝到了甜头的安庆人笃信——“每个人的脸都是投资环境”本报记者　高云才前不久，江苏省的一位小客商刘先生抱着试一试的态度，来到安徽省安庆市经济技术开发区。,,2
这喝那，安顿好这群，又照顾那群，一直等到猪都睡安静了，他才回去休息。,,2
陈总的司机告诉我们，“老太太”每天早晨7时起床，经常是忙到半夜才回宿舍。,,2
只是中午到饭堂吃饭时，大家才发觉，下工地从不打招呼，从不带随从的刘定桐，时不时地静静地坐在他们中间。,,2
等河水退去，再也看不到木头时，他们才停止工作。,,2
但2亿多中国人仍生活在贫困中，中国存在收入分配不均衡问题，存在发展不均衡问题，只有继续加大对基础设施建设的投入，把最贫困的西部地区也融入到全球经济当中，发展不均衡问题才会消失。,,2
勤劳智慧的岫岩人民谒诚欢迎海内外各界朋友到岫岩一展才华，共创大业，为让世界了解岫岩、让岫岩走向世界而共同奋斗。,,2
那天，你去给部队挂电话，走到离邮局不远的一条大街上，你突然两眼发黑，栽倒在地，一辆飞速而来的汽车从你身上无情地碾过，你就这样永远地闭上了双眼……医生鉴定，你这是阵发性脑晕，并说只有常年生活在高原上的人，到了内地才会得这种病。,,2
刘鲁元老师的房子小，他常常把手中的活停下来，说一声‘走，我们到教研室去’，辅导我到深夜才回家。,,2
晚上，干部们就在乡长杨美侯领导下大赌起来，一直闹到半夜才休息。,,2
去年分得二千四百斤谷子，六百斤茴丝（即红薯丝），吃到3月间米桶就光了，后来补销了一百来斤，买了一百五十多斤黑市粮，才吃到接新，只剩了一百多斤茴丝。,,2
秀花说：我十七岁那年，俺哥哥作主把我许配给刘海兰，没过门时，谁也不认得谁，啥脾气更摸不清，过门不过两个月他就到新乡去了，去年四月才回来，过到八月，他看见我就吵，动不动就打，我呢，横竖看不中，一看见就够。,,2
无可奈何，到亲戚家借了十斤米，才免得全家跑饭店吃晚饭。,,2
到他跟前按喇叭，他猛一惊，就会着慌，不知道向哪边躲才好，结果，人躲车，车躲人，躲来躲去就可能躲到一起，发生事故。,,2
下午和晚上没有课，一般他都要到图书馆去上自习，学到很晚才回去。,,2
新条例引入了“通知”和“同意”两项要求，商业机构在使用或转移客户资料时必须事先通知客户知情，且得到客户同意后才可以使用。,,2
大会向全区各级党组织和全体党员提出，必须认真接受以上经验教训：（1）必须在党内外继续深入开展两条道路的斗争，把整风运动进行到底，提高全体党员和干部的社会主义觉悟，坚定无产阶级的立场；（2）必须认真学习马克思列宁主义理论、学习毛泽东同志的著作，提高政治嗅觉和警惕性，才会识别风向，分清大是大非，敢于坚持真理，为真理进行不屈不挠的斗争；（3）必须坚持维护党在马克思列宁主义基础上的团结，加强党的领导，反对无组织无纪律的分散主义倾向，反对个人主义、自由主义、宗派主义、地方主义、地方民族主义，坚持党的民主集中制，巩固党的组织，坚决执行党的统一领导的原则。,,2
如果等到枣树已经发芽，才去耕田、送粪，而后再去下种，这就使棉花势必失掉一段有利的生长时机。,,2
这时，也只是在这时，中国人从思想到生活，才出现了一个崭新的时期。,,2
我们原以为是集体农庄的礼堂，走到门口，才发觉它是新盖的一座宽敞清洁的牛房。,,2
到通榆演出那次，车坏了，白城的大甸子一望无际，什么人也没有，我们走了一天一夜，第二天早晨6点才到通榆。,,2
让守法企业尝到甜头，让违法企业付出代价，才会有更多的企业不敢违法，有更多的企业自觉守信。,,2
4月10日是星期天，杨生业吃完早饭，骑着车子，穿街走巷，四处打听，到中午，才在离市中心较远的南关一幢楼里找到了货主姚秀山。,,2
怕挤，所以挨到第六天才出门。,,2
当实行这一命令的时机来到时”，他才向内务、安全、国防部长和切尔诺梅尔金总理介绍了这个文件，和他们一道“讨论了细节”。,,2
毛主席教导说：“迈开你的两脚，到你的工作范围的各部分各地方去走走，学个孔夫子的‘每事问’，任凭什么才力小也能解决问题”。,,2
汹涌的人群在这花的海洋中，直乐到年初一凌晨二时，才举着大枝红桃、抱着大束鲜花尽兴而归。,,2
1988年，第一个到烟台投资的韩国客商李顺义先生，辗转5天，才从韩国抵达烟台。,,2
但是，庆贺之后要认真总结经验，要看到我们的弱点，要向印尼、丹麦等优秀队员学习，学习人家的长处，戒骄戒躁，才会不断前进。,,2
每到过年，村里最精彩的节目就是得胜鼓，各村轮流表演，表演的人都有一碗热乎乎的肉丝汤面，“那才叫有年味咧。,,2
一九六○年，在万山战斗前，盘踞在珠江口几个小岛上的敌人一直不走，又不投降，等到我们打上去了，用枪杆子一扫，他们才叫：“啊哟！,,2
所以很多留学生在大三时没有投简历的意识，基本上都是等到大四毕业了才去求职。,,2
美国空中强盗对越南北方进行狂轰滥炸，从十七度线一直炸到越中边境，炸到越南人民的首都，这不叫“战争行动”，究竟什么才叫做“战争行动”？,,2
主人把她带到我们身边，我们才发现，她是《女奴》女主角依佐拉！,,2
我县自去年九月中旬召开第五届各界人民代表会议之后，到今年八月九日才召开第六届各界人民代表会议。,,2
他怎么也想不到，约翰逊正是由于有了他这样的强大对手，才创造出伟大的成绩。,,2
如要去看，更要耐心说服教育，保证到部队不起坏作用，不发生问题才好。,,2
等等，这些，如果就现象谈现象，想来是没有多大说服力的，只有把它们放到毛泽东和他从事的事业的关系中，才可能有比较准确的回答。,,2
首先看看人工培育药材的可怜景况：园参的主要产地抚松、辑安两县1930年园参产量曾达到六十八万斤，但是1955年全省产量才只有十五万斤左右。,,2
可是当时我还是不大快活的，因为我的爱人黄明安并不像我想像的那样“精明能干”，而是一个胆小怕事、一窍不通的“大少爷”，三岁前没出过房门，十七岁时还有奶妈照料，更没有在什么有名的学堂毕过业，于是婚后半年，我就鼓励他到上海美帝国主义所办的圣约翰大学去读书，希望他在那儿混一张毕业文凭回家，将来才好把黄家的祖业撑持起来。,,2
心急如焚的彭廷榜想到集体1.8万元的物资可能受到损失，便坚持到处理妥当才回家。,,2
一个批评家与一个作家，只有熟到了骨头里，才会有如此到位的透视和剖析。,,2
毛主席语录毛主席语录“迈开你的两脚，到你的工作范围的各部分各地方去走走，学个孔夫子的‘每事问’，任凭什么才力小也能解决问题，因为你未出门时脑子是空的，归来时脑子已经不是空的了，已经载来了解决问题的各种必要材料，问题就是这样子解决了。,,2
一是处于停产半停产的困难企业，特别是部分国有企业及一部分集体企业拖欠职工工资；二是一些企业，主要是非国有企业无故拖欠或克扣工人的工资，如有的用工单位强行为职工储蓄（不是活期储蓄），有的平时只发点零花钱，到年终才发工资。,,2
有史以来，尼泊尔就跟你们的国家有了政治上的、文化上的和宗教上的关系，只是到了本世纪过去的几十年间，我们两国政府的关系才停顿下来；可是自从去年（1955年）8月1日在五项原则或称潘查希拉的基础上签订了历史性的协定以来，我们两国之间建立了外交关系，而我们之间的友好关系更日益亲密起来。,,2
去年十一月份该公司推销组到各地了解产销情况后，才发觉主要销售市场如张家口、太原、通县等地，现已有了火柴厂，而且他们的火柴包装简单，价格低，销路很好。,,2
蔡伟素索性再投一批材料，然后亲自带技术人员和管理人员到该厂，传技术、搞管理，整整干了一个多月，才使厂子取得效益，不久便收回投资。,,2
只有当欧洲、亚洲和其他各洲的国家都得到了安全的保障，世界才会有巩固的和平。,,2
到2006年，进口车的关税才会降低到25%，那时进口车价将有大幅度降低，国内汽车制造商迫于压力也将大幅度降价。,,2
尽早供应鸡瘟疫苗尽早供应鸡瘟疫苗去年三月份，俺村几十户农民买了三千多只小鸡，可是到七月份，鸡瘟疫苗才到农村，结果不少小鸡已染上鸡瘟死掉了。,,2
以前带朋友吃中餐，多是吃川菜、鲁菜，这次到了江苏才发现淮扬菜竟如此美味。,,2
乡和社的领导平时对于用肥、积肥没有计划，群众也不摸底，临到播种、插秧的时节，才发现肥料准备不足，于是匆匆忙忙放下其他工作，把全部劳动力投入积肥突击运动。,,2
河北省一个贫苦农民为土地纠纷到省人民法院去起诉，沿途乞讨，走了几百里才到保定，满怀希望地到省人民法院提出自己的问题。,,2
如从东部纽约到西部洛杉矶，寄“日夜快件”要第二天才到达，邮费从9至14美元不等，但寄“传真快件”则仅需1分钟，邮资也只1美元。,,2
未看过他排练和指挥的人，头一次见到这种指挥风格，很可能不适应，我却觉得这正是一个成竹在胸的指挥家的大手笔，也是熟悉中国画的艺术家才可能成功借鉴的写意手法，删繁就简，其实是个美学观念。,,2
由于在所有其他的英镑区市场中都显然存在着同样的问题，人们很难看出，英国出口的纺织品和汽车究竟要拿到那里去才卖得掉。,,2
你设想自己活在南宋末年，又是杭州一个市民，闲来无事，坐在瓦市一家娱乐场所，听说话人讲唱一篇灵怪故事，他讴歌西湖景致，有声有色，说了几处古迹的来历，你有了兴趣，起了好感，甚至于感到一点点骄傲（别忘记你是杭州人），他见有机可乘，便即时结束引话，转入正文，把你带进才人（作家在当时的称呼）创造的一个传说世界。,,2
待生意到手，骗取到定金后，才去市场上收进废管旧管，交给鑫大、铭丰、惠丰等拉管厂代为加工。,,2
有一次，符光华看到三班长心里有话想说，连着找他谈了三次心，费了很大的劲，才了解到三班长的心思。,,2
中国残疾人艺术团的到来将向人们证明，中国对人的权利、人的才华是多么地尊重。,,2
因为我们缺乏经验，事前又没有订出推广计划和从上到下的充分酝酿宣传，并作各种必要的组织上和物质上的准备，到小麦成熟前十余天才动手布置，以致仓促急迫，手忙脚乱，规定一改再改，有些麦种并未经过检定就收购下来，在完成的数量（仅完成五百二十余万斤）与质量上都存在着不少的问题。,,2
托人找到关系每公斤才卖到0.94元。,,2
从前几年工厂挂“亏损”黄牌、“走麦城”，到打漂亮的翻身仗，再到如今晋升为国家重点企业，吴殿久愈加体会到，工人是企业改革和发展这个大舞台的主人翁，只有发挥职工的进取和创造精神，社会主义企业才会有巨大的活力。,,2
到了机房才发现鞋跑丢了，光着的脚已被冻僵了。,,2
到四月二十五日，城西北角被清军轰倒，清军才从缺口冲进扬州城。,,2
今年八月，我随中国青年代表团到柏林参加世界青年与学生和平联欢节，并且访问了苏联，最近才回到祖国。,,2
在动身前夕，我们和他们约定翌晨六时启程，但他们临时又揽了三车货，要和我们的五辆车作一起走，结果我们候了将近十个钟头，到下午三时许才出长治。,,2
现在我体会到，只有对集体的心热了，天冷才不会冷；如果对私字热了，天不冷心也冷。,,2
只有到了近代，公立图书馆的勃兴，才使这些浪迹天涯的藏书找到了最终也是最稳妥的归宿。,,2
他能够吃苦耐劳，利用节日、假日和农闲时间，到远隔十几里以至几十里的古兜、高鹤等地采挖草药，每次都是天未亮就出发，天黑才回到家。,,2
有人解释说，正因为广州人看不到冰雕，所以才办冰雕展。,,2
李宝美到黄桂兰组才半年，就变样了。,,2
我在北京时，一穷，就到处借钱，不写一个字；到薪俸发放时，才坐下来做文章。,,2
我们从北部到南部的同胞们牺牲了他们的生命，克服了许多困苦和艰难，才为我们的爱国战争以及为保卫世界和平和民主的事业取得了一次重大胜利。,,2
不过，现实生活中，仍然只有少数环保修养达到一定层次的人，才会在兼顾利他的行为中享受环保。,,2
两鬓斑白的沈正德老师每天上完课后，坚持组织校运动队训练，一直忙到晚上七、八点钟才回家。,,2
虽然，有时生产任务紧急，难免发生错误，但修改错误的技术通知却往往不能尽早到达车间，甚至有些成品已经入了库才发现错误，不能及时纠正。,,2
说到底，主要还是因为普遍工资不高，而且很辛苦，周末有时要做到凌晨一、两点才下班。,,2
吴晗正是看到了这些腐朽的意识形态的土崩瓦解，看到了“这些东西崩溃之势已成”，看到了毛泽东思想在广大革命群众中的开花结果，看到了人民群众的精神振奋、斗志昂扬、意气风发，而不甘心自己的阶级“完全陷落在劳动群众的汪洋大海中”，才妄想用鼓吹继承剥削阶级道德的垂死挣扎，重筑那已经开始倒坍的剥削阶级的思想阵地。,,2
让每一位辛勤劳动的人都得到尊重，我们生活的这个社会才会更加和谐、更加美好。,,2
天津改革医学院校毕业生分配办法　实行工作两年再分配，破除一次分配定“终身”天津改革医学院校毕业生分配办法实行工作两年再分配，破除一次分配定“终身”本报讯　记者石德连报道：天津市卫生局系统从今年开始，对应届医学院校毕业生实行先到重点医院工作两年，然后量才使用的办法，克服了一次分配定“终身”的弊病，医院、学生两满意。,,2
连环画工作者只有投身到火热的斗争生活中去，观察、体验、集中、概括，才可能塑造出丰满高大的英雄形象。,,2
岩滩人在刷新工程纪录的同时，另一种纪录也在伸延：苏宏英，这位经常在工地上奔跑着的、啃馒头当饭的坝基开挖指挥员，1989年春提前完工拿到优质后，才发现自己身体的“大坝”却垮了：大面积肺结核。,,2
在后来的几年中，我终于有机会参观了伏尔泰故居，并了解到伏尔泰是为躲避政治迫害才到小镇居住。,,2
就在这一年，又发了大水，我们家里的房顶顺水漂洋去了，我跟随父亲逃荒奔到峰峰……我在峰峰一住十五年，今年才回到我们河西。,,2
在老人指点的地方，果真打出了水来，郭守明意识到依靠群众才好办事。,,2
从1952年到1957年期间，全国大鸡鸭总共才只增加了二百万只左右，而在今年近十一个月中就已经增加了最少八百万只。,,2
反季节菜莫种过头反季节菜莫种过头编辑同志：近日笔者在当地集贸市场上买韭菜时，吃了一惊：每公斤韭菜竟卖到1.6元，而笔者记得去年冬天，包括元旦春节期间每公斤韭菜只不过才卖1元。,,2
中国方面只是在自己的边防部队受到印度方面多次的猖狂进攻、遭到严重伤亡的情况下，才不得不进行坚决的自卫。,,2
前南联络小组波恩声明强调，应尽快通过政治谈判和平解决科索沃危机，只有当国际社会的要求——其中包括对在科索沃的国际观察员保护的要求得不到满足时，才会考虑“采取军事强制措施”。,,2
而科学技术是要人掌握的，说到底：无才不兴。,,2
实际上有许多近代史资料，第三所还根本没有看到，也根本没有调查到，必须要联系更广泛的群众，才可以担负起这个重大的任务。,,2
因此，这场比赛旗鼓相当，总共奋战9盘，赛到晚上8时半才告结束，博得观众热烈喝采。,,2
从此，中国人从思想到生活，才出现了一个崭新的时期。,,2
杨波代表说，关键是要做好示范让贫困群众看到实效，这样他们才会坐不住、干起来。,,2
她呼吁，以后若再度碰到类似状况，民众一定要积极主动提出申请，日后相关机构才会重视华人小区，增派人手前来查看灾情并提供协助。,,2
自教育部规定11月20日起允许用人单位进入高校招聘毕业生以来，约有100多家用人单位争先恐后地与合肥工业大学就业指导中心联系，要求到这个学校“招贤纳才”。,,2
应当看到，一些有才华的作家，在过去的六年当中，用他们的笔，他们的作品，为我们的文学事业做出了积极的贡献。,,2
（鼓掌）而且，日本政府、报纸、电视、广播，对于这种情况，丝毫不感到奇怪，相反，当共产党和其他的人说应当立即同中国恢复邦交时，便说什么那是不现实的、或者还不到时候等等莫名其妙的话，制造出一种气氛，使人觉得这样做好象才合乎常识。,,2
每次漫步在北京的长安街，看到华灯初上的时候，我就会想起重庆，发现只有重庆的夜景，才会让人懂得什么是真正的“水天一色”。,,2
我们到北京才只有两天，但是我们已对中国人民有了更好的认识。,,2
例如，从一九五一年下半年到一九五二年年初，农业生产合作社始终停留在约三千个的数目上；只是在今年春天才增加了将近三百个。,,2
但中国女排在比赛中毫不示弱，首局在以20∶23落后时，竟打到33∶35罕见的高比分，中国女排才以2分之差失利。,,2
据合众国际社报称，波兰当局是“在梵蒂冈向他们保证在约翰·保罗二世九天的访问期间不会提到政治问题之后”才同意这次访问的。,,2
这个作品的故事是写一个三轮车夫在旧社会受到的债主的逼迫，和反动军警的迫害，实在生活不下去，临解放的时候疯了；他在精神病院里住了将近十年才医治好出来，恍然一梦，意识中还是昨天。,,2
到了广州后才听说兴国也是贫困县，所以就来了。,,2
他们把包缝机搬回天津，到家后打开一看，才发现这两台机子是兄弟厂现从生产线上撤下来的，机壳上还挂着一些新的纤维毛毛，没有来得及擦掉呢。,,2
到了晋朝人宗懍写的《荆楚岁时记》才具体记载过年的情形，从正月初一鸡鸣而起开始，仪式十分繁琐，其中大部分风俗一直流传了很久。,,2
9月7日18时，由中国万事利集团主办的中国丝绸时装展示会“黄河之梦”如期举行，从下午4时开始，观众早早地陆续进馆，5时半以后，更有大批美国民众、华侨华人蜂拥而至，在欣赏了两天相对较为古板的中国历代服装展示和欢快的中国民族服装展示之后，人们更加希望能看到当代中国的时装，看到中国独有的丝绸服装，看到中国当代服装企业和年轻的设计师的设计才华。,,2
张正金高兴地说：“起先听说要给我们农民补贴，都不相信，后来看到干部大张旗鼓宣传，才半信半疑。,,2
沧海横流，方显出英雄本色——回忆贺龙同志的前期革命活动沧海横流，方显出英雄本色——回忆贺龙同志的前期革命活动廖汉生“革命者不是那种在革命到来的时候才变得革命的人，而是那种在反动势力最猖獗、自由派和民主派最动摇的时候捍卫革命的原则和口号的人。,,2
有的老汉握着我们的手送到七八里才回去。,,2
尽管意大利当局采取了第二次大战结束以来在接待“国宾”方面最严格的“安全措施”，出动了一万五千多名全副武装的警察、装甲车和直升飞机，甚至为尼克松专门准备了两名外科医生“以备不测”，但是尼克松的专机还是不敢在白天降落，而是等到天黑以后才偷偷摸摸地降落在罗马郊区的一个军用机场，然后赶快换乘美国自己的军用直升飞机，在意大利警察的直升飞机保护下，直飞意大利总统府。,,2
在运动开始时，他曾和同谋者订立“攻守同盟”；到一月二十日以后，他才坦白了自己的贪污行为，并检举了同谋者的部分贪污事实。,,2
我国现在文盲这样多，而社会主义的建设又不能等到消灭了文盲以后才去开始进行，这就产生了一个尖锐的矛盾。,,2
人民子弟兵到这里安营扎寨以后，才出现了庄稼，在被开垦的处女地上，山东大白菜、河南大萝卜，长得真叫人喜爱，还有一千七百多棵广柑、桃树、核桃树，猪鸡成群，现在，连队的菜、肉、油、已经自给有余，还拿出几万斤蔬菜和一些肥猪支援了当地的苗族、僮族人民，获得了昆明部队领导机关奖给的锦旗。,,2
那是文化大革命期间，紧张的工作使沈毅经常忙到深夜才回家。,,2
翻身模范贾瑞亭在分到地以后，清早起来没吃饭便跑到村西头去看那块才回家的地，心眼里说不出的痛快；他接着就计划：今年种上三亩高粱，二亩谷，还得点上些金瓜。,,2
教师之从我国国内之到该处的，严格禁止，而在当地，不只华侨所办的，没有高等学校（新嘉坡的南洋大学，是在1950年以后才办的），就是当地政府，也少设立高等学校。,,2
莫斯科大学有一个穷学生，家庭有负担，他每天下课后还得出去做“零活”，干到晚上九、十点钟才回家，赚取一点工资维持生活。,,2
一位老先生感叹地说：“我到了这儿，才发现尺子、纸和笔是必不可少的随身工具。,,2
然而阿拉伯美洲学院院长詹姆斯·佐格比对这项新政策提出了异议，他认为对外来人员进行审查应该在美国驻各国的领事馆办理，不应该等人家来到美国之后才在海关和移民局进行，这样会延长旅客入关时间，还要新增一条阿拉伯裔美国人的入关通道。,,2
记者从无锡多家旅游机构了解到，以往春节前一个月才启动的出境周边游预订，今年又往前提了一个月。,,2
交谈中，记者了解到，他们联系好“业务”后会雇民工过来排队，“我们自己才不会来排队呢，现在还好，半夜穿堂风嗖嗖的，谁受得了。,,2
由于门票和围墙的阻隔，过去许多市民只有等到节假日的时候才会破费到公园一游，平日只好望园兴叹。,,2
10月2日，由于乘车困难，去历史博物馆讲解的同学回来时步行到西单才乘上车。,,2
等到各类传言、谣言满天飞了，政府这才不得不‘认账’。,,2
他们在冠军到达了10余秒钟后，才与第二集团一起蜂拥而至。,,2
文艺复兴运动的代表人物竭力鼓吹“人文主义”即“人道主义”，据说是只有到他们才“发现”和“肯定”了“人”。,,2
当记者10月5日来到他在伦敦的家中采访时，他才从中国回来不久。,,2
对于入学程度不到初中毕业者则编入预科班，采取速成教学法　补习两年左右的文化课，使之达到初中毕业水平后，才升入本科或专科学习。,,2
从“放权让利”到“制度创新”这些事现在听来恍若隔世：1978年，四川化工厂对实现“百日红”超产较多的职工进行奖励，每增产100元发给奖金7角2分，却因不符合上级规定，50多天才勉强获准。,,2
注意到在一旁认真观看的我，女人稍停一会儿口令，轻声告诉我，丈夫刚刚中过风，医生说了，要教他像孩子一样每天走路才会恢复得好些，她这就下了决心，要每天用轮椅推着他出来练步，“总想着他早点好起来，我现在就这个心思，另外的事情都放下了”。,,2
值得一提的是，这次会议原定于去年的9月12日在中国广州举行，由于发生了“9·11”恐怖袭击事件，所以推迟到现在才举行。,,2
从唐代诗人、文学家陆龟蒙到现代的教育家、文学家叶圣陶，小镇代有才人出，沉淀下厚重的历史文化。,,2
民法通则第120条仅规定，公民的姓名权、肖像权、名誉权、荣誉权等四种权利受到侵害的，才可要求赔偿损失。,,2
壁垒森严　瓮中捉鳖一直等到十一时，胆小如鼠的美国侵略军的一个侦察排才出现在公路上。,,2
我到达智桥商店以后，有一天，一位售货员卖菜回来，生气地说：“老叫串偏僻胡同，一条胡同才卖几毛钱！,,2
制作公司要练好内功，把剧本抓到最好，把团队的培养建设做到最好，这个行业才会有更好的前途。,,2
既然寒潮对长江中下游地区的影响到23日才会显现，为何这两天江浙一带已经开始降雪？,,2
大无畏的革命精神永放光芒——记党的好女儿张志新同志的高尚品质（之五）大无畏的革命精神永放光芒——记党的好女儿张志新同志的高尚品质（之五）“如果谁认为只有革命一帆风顺，事先得到不会遭失败和牺牲的保票才去革命，那他就根本不是革命者。,,2
杨义认为，做学问要尽量找到最原始的、详尽的第一手材料，这样，发言才会站在实地，且不至于为自己的结论而感到心虚。,,2
后来，在几位外交官和包括韩素音女士在内的许多著名人士的协助下，埃尔杰让丁丁在西藏山洞里找到“张”的梦才变成了现实。,,2
为此，我们又特意到信用社找出4月份的转账汇款单，当面与他们核对汇、收款日期，他们这才哑口无言。,,2
前面提到的广东省建筑局的一个原来对斗争不积极的技术人员，就是经领导方面研究其思想特点后，通过另一个对斗争积极而又和他有感情的工程师找他个别谈话，运用具体事实启发他了解并相信党的政策，才使他打消了怕组织不信任和撕不破“情面”的顾虑，交代了自己的历史问题，并大胆检举了反革命分子的。,,2
新兵蒋基凯在猪场里也壮心不已，在猪圈的矮墙上用石灰画个胸靶，枪管上吊块砖头练据枪，每一次臂膀酸疼得摇晃起来牙关都咬得加倍紧，一定到缺口准星能再稳稳当当好一阵子，才去款待那些八戒老爷少爷们。,,2
春兴厂一直拖到6月26日才交完。,,2
广大干部群众认识到，汪洋湖是千万个优秀党员干部中的一个，无数个“汪洋湖式”的好干部使我们党充满了生机与活力，才使我们党能够更好地保持先进性与战斗力。,,2
民自治好——村民委员会组织法五字歌诀村民自治好——村民委员会组织法五字歌诀周克玉（一）村民自治好宪法定专条①党的好主张百姓开颜笑（二）十年重修订自治有法宝②当家做主人权利最重要（三）“三自”是根本人人应明了四项民主权村村要做到③（四）自治头等事直接选领导村民选举权不准乱干扰（五）先提候选人再投村委票操作按程序一步不能少（六）选票各自写结果当场报规矩重严格公开才公道（七）连选可连任只要当得好如果选错了依法罢免掉（八）村务公开制财务当其要半年为期限如实见公告（九）掌权秉公心廉政作师表事事为民谋不沾一棵草（十）村民自治好改革光辉耀执行三十条小康早来到5（注①）宪法第一百一十一条规定：农村按居住区设立的村民委员会是群众性自治组织。,,2
你在信中提到，你本是不爱看小说的人，由于你在文化大革命前，参加了“四清”工作队，你们的队长曾向你讲过，工作队的队员可以看看《风雷》，因此，你才买了一部《风雷》。,,2
从上午八点多钟，一直干到晚上五点多才修理好了。,,2
人均GDP达到1万美元，出境旅游才会大发展。,,2
我以我血荐轩辕——青年工人庄辛辛与“四人帮”作斗争的事迹我以我血荐轩辕——青年工人庄辛辛与“四人帮”作斗争的事迹革命者不是那种在革命到来的时候才变得革命的人，而是那种在反动势力最猖獗、自由派和民主派最动摇的时候捍卫革命的原则和口号的人。,,2
只有真材实料的金奖茅台越来越多，真心实意的为民服务受到褒扬，真情实感的沟通逐渐成为人际交往的主流，所谓删繁就简、返璞归真，才不会只是“要求”。,,2
透过她的诗，人们看到了农家女的灵气与才华。,,2
夏履镇人不以牺牲环境为代价获取工业利润，禁止有污染的工业落户，现有企业的废水，做到综合处理达标后才可排放，使镇主要山塘水质达到二类以上标准。,,2
中曾根表示，日本要等到美国对这一计划作出详细解释后才决定是否参加。,,2
）一直送到望不到人影才回来。,,2
我看到妈妈不时用衣带擦拭眼泪，等我劝妈妈回家时，我才发现自己一直紧紧地握着那条皮带。,,2
战前一度流行，后来渐渐冷落，到卫国战争结束后才又恢复起来。,,2
一九六七年，两个大队同时遇到水灾，蜚英大队的溪堤摧毁了三里长，当年就修复了，蜚安大队的溪堤只冲毁二里长，到一九七一年才修复百分之六十。,,2
为了弥补赤字，减少现钞发行，有计划地回笼货币，使一五○年全国的物价，达到逐渐稳定的程度，以开始保证各阶层人民的安全定生活和工商业的正常发展，才决定发行人民胜利折实公债。,,2
但是，现在我们却要告诉你：正是下到基层的这一年，才使我们初步、然而真切地体验到年轻知识分子在现实社会中的使命和价值，找到了生活的支撑点。,,2
等到王候文读完这篇文章，刘六接着说：“毛主席教导我们，为人民服务要‘完全’‘彻底’，你才为人民服务几年嘛，我们还要选你当干部。,,2
在农渠边，有次发现了一个被伐的树墩，就趴在那里数年轮，一两只大蚂蚁爬到脖子上才发觉。,,2
难怪在肯尼迪7月4日和5日大谈其美国和西欧的“互相依靠”，并表示“美国政府认为目前在北大西洋公约组织之下的安排为欧洲一体化提供了充分的，足够的（军事）保障”以后，法国《世界报》却认为“欧洲只有在它意识到自己的防务并不完全依靠美国的时候，它才会变成一个肯尼迪所说的‘平等伙伴’。,,2
从1979年到1993年，连上三个台阶，完成了华夏农耕史上跨越几千年的飞跃，也正是凭着这三大步，中国人民才圆了祖祖辈辈孜孜以求的温饱梦。,,2
本来在通过剧本时，我们就看到它的主题不象“桥”那样明确集中；但是因为那时候对于剧本的要求比较低，从培养干部，从小作起出发，才决定开拍的。,,2
王皇全一直给他治疗护理到掌灯时分才回家吃饭。,,2
在中国，在我党，这一类斗争，看来还得斗下去，要到阶级完全灭亡，斗争才会止息。,,2
我很快就起来，同王保利等一起跑到地里，使劲把水渠刨开了一个缺口，让水往旱地里流；这样才保住了庄稼。,,2
记者的一位朋友下班从牛街的单位到西三环的家中，原先班车最多一个小时的路，结果5个小时才到。,,2
使蔗农得到实惠是一方面，同时还必须让糖厂有利可获，糖的产量才会上去。,,2
河南睢县供销联合社来人到苍松公司后，先交了20万元的“押金”，领到了一套有关馈赠“肥料”的复印件；随后，还需要按照苍松公司分配的“肥料”吨数再交150万元预定金，才准许签订协议。,,2
我轻轻走到桌旁，许久金老才发现。,,2
记者在下榻的满洲里宾馆见到了南京某科研所的几位科技人员，他们说，将来这里是很有用武之地的，我们此行就是想寻求施展才华的立脚之地。,,2
有时他值夜班，早上放工，总是先到学校去温课，把昨天教过的课全弄明白了才回家去休息。,,2
日、亘古的奥秘和谜统统辗成金属般的碎片抛洒在身后列车在前进一路上，红色的绿色的号志灯，大睁着一眨不眨的眼迎接了它机车便用钢铁的头颅猛烈地撞击死寂和蛮荒的额角无畏地闯进没有阴影的世界在地球最高处闪闪的冰壳之上在唐古拉山顶蓝幽幽的天空里拂动着两片白云一片是藏族姑娘送别的长袖一片是月台上的列车运行时刻表季节河在青海荒原上，季节河的生命是短促的，每年只有从六月到九月才会歌唱——采访手记季节河从流来第一滴水珠开始河床上的卵石便一一复活有的化成鱼有的化成鹅有的孵成白云、浪花和歌曲不怕冰冷刺骨的就来吧机灵的沙狐来喝水吧调皮的旱獭来洗澡吧顺便照照你们的小胡子和小脸找找你们昔日的梦和小伙伴岸边的沙棘知道这不是童话但是对这条一会儿用鳃、一会儿用肺呼吸的季节河，在地图册上你找不到它除非在我的诗中除非在测绘员标出的地貌、曲线和高程中或在我们,,2
为了使更多的人看到《新华日报》，不管路多远，多难走，也不管是大热天还是刮风下雨，经常是天不亮就出发，到天黑才回来，一天要走好几十里路。,,2
希拉克在访问中还多次提到建立一个多极的世界，才会实现世界的新秩序。,,2
发言人说：印度政府所接到的蒂迈雅将军在记者招待会上发言的抄本，“表明，他并没有发表这个声明，错误的印象是由于没有正确和全面地把他的问答报道才产生的。,,2
黑龙江日报关于肇源丰产经验的报道，是从去年十月中旬开始，到十二月中旬后才作了比较突出的宣传和推广。,,2
孙圣弼在电话通知中说，朝鲜北方认为，到了五月下旬，各方面安定下来，才会出现北方代表团能够放心地前往汉城参加第八次南北红十字会会谈的条件。,,2
到十月开董事会的时候，为了招待外地资方代表，同时也想在一个思想不受约束的情况下，共同解决一些复杂问题，我们和私方副厂长一起生活了两天，这才使他们感到：“公方看得起我们，这是头一次无话不讲的会议。,,2
我们在三个半月的政治、军事学习中，体会到：只有打消个人的一切打算，把个人的前途和革命结合起来，才会有我们的光明前途。,,2
一日他办完公事回来顺道探访一位朋友，走到叉路口，便脱下官服，换上便服；走下官轿，坐上事先准备在路口的私家轿子，才去见朋友。,,2
影院的统一管理问题，局内虽早就接到政务院的指示，却把指示压起来，到前华东文化部召开了各省电影工作会议，指出了山东省对电影工作不重视的错误后，文化局才在形式上有了一些改变。,,2
中共县委考虑到食糖是畅销货，国家需要而本地的天时、地利又完全适合制糖业，所以决定今年建设二十个土糖厂，腌腊罐头厂也是根据天津等地食品部门来信需货，证实销路没有困难才决定设厂的。,,2
谁能想到，就在这所学校初创期的1915年，首届毕业生才仅有8人。,,2
四月份应交六十件，到五月二十九日才交四十五件。,,2
来开会的妇女们由一时等到二时、三时、四时，还是不见主持会议的人，那位杨同志快到下午五时才回来。,,2
但是，有些生产队的菜园经营得不好，不能做到每天有菜供应，有的要十天半月才分一次菜，有时社员没菜吃，还要到附近集镇上买咸菜。,,2
但一到会场，才发现准备还是远远不够。,,2
问起她家的其他人，殷凤麟说，老伴儿2月份就到合肥去了，现在在一个建筑工地看门，农忙时才回来。,,2
什么时候学生感到考的是能力了，光做题没用了，那些五花八门的教辅材料，特别是盗版的教辅材料才会彻底从市场上消失。,,2
贵州科技副县长成为致富带头人福州农业科技园区显现活力贵州科技副县长成为致富带头人福州农业科技园区显现活力本报贵阳5月17日电记者胡跃平报道：选派到贵州73个县（市）的76名科技副县（市）长，在振兴贵州经济中施展着他们的才华。,,2
我出门时，听到几个战士热烈地谈论着，他们说：“当一个八路军，不上功劳薄才亏呢！,,2
学生接触到了新的知识、先进的研究方法和手段，才可能成为优秀的人材。,,2
看到老外纷纷点赞中国治安，很多中国网友这才发现，自己颇有些“身在福中不知福”。,,2
IOC委员认为北京奥运项目设置不会变　　据新华社长沙10月20日电（记者李丽）芬兰籍国际奥委会（IOC）委员、前IOC运动员委员会主席彼得·塔尔伯格在长沙接受新华社记者采访时表示，尽管棒球、垒球和现代五项3个奥运项目是否取消，以及2008年北京奥运会项目设置的问题要到2004年雅典奥运会后才决定，但他并不认为奥运项目会在北京奥运会上出现变化。,,2
季金生一直忙到早晨四点钟才回到家里。,,2
不知不觉就谈到快鸡叫才合眼。,,2
他说，要一直打到所有中国人离开他所说的印度国土的时候，“战斗才会停止”。,,2
1950年初解放战争基本上胜利结束，3月中央统一全国财政收支，而且达到收支基本平衡，这才使中央政府能够控制货币发行量，一举稳定物价。,,2
汽车系武行说：“大学生从小学到大学缺少实践，因此看问题比较幼稚、简单，总认为自己理论上占有优势，下工厂后才发现，自己的知识贫乏。,,2
只是到了近代，由于中锡两国都受殖民主义的侵略和压迫，才使这种已经发展起来的友好关系，受到了人为的阻碍。,,2
洪常青亲切、热情地领着她走到连长和乡亲们面前：“这个阶级姐妹苦大仇深，她九死一生，才冲出了黑暗的椰林寨。,,2
何况人的从小到大，从不会做事而到已能做事，总是大众先为他服务而后他才为大众服务的，这在新的社会里将更是这样”。,,2
心急吃不了热豆腐（说道）环境治理不可能一蹴而就，只有尊重科学规律，一张蓝图画到底，经济发展和环境友好才可能双赢有报道称，河南某县因空气质量差被环保部门约谈后，随即展开大力治污，全县700多家污染企业全部关停。,,2
你们还记得吧，你们到金城前线来时，朝鲜的炮火才停息不久，这里还是一片灰烬，田野里长着一人多深的野草，到处是敌人事先埋藏的地雷……。,,2
等到竣工后向自来水公司申请用水的时候，才发现水源不足，供应不了。,,2
他来到一条小河旁边，跳进小河，涉水而上，最后找到了一个隐蔽的地方，才喘了一口气，在那里稍事休息。,,2
人们空着肚子等待着，仿佛是母亲等待脱难出狱的孩子那样的心情，一定要等到见了孩子才吃得下饭。,,2
每所学校的学生人数和班数，要到9月才会清楚。,,2
陈水扁只剩两年任期，我看他非得放个九把火，烧破两个大洞，烧到身边所有的人都痛哭流涕，才可能感动人民”。,,2
任务是繁重的，但他们支前的热情，忘掉了疲劳，近二百斤的粮包，背起来一溜烟的跑，从太阳一露头，直干到夜十一点才吃饭。,,2
及至走到眼前，才发现这一切都是画出来的，模特儿身上只有耳饰和皮鞋是真的服饰品。,,2
他一声不吭地包扎后，一直坚持到第二天早晨才到山下的卫生所去治疗。,,2
就在封库那天，公司为落实整改措施，再次到省商标事务所申请ZBT商标注册时才发现，这一申请早已获准，且注册证已取回。,,2
作为个体的公益行为也许在任何时代、任何时候都会存在，但作为大规模的群众性的社会公益活动，只有当全社会的物质、文化、精神、心理和道德等等要素积淀到一定程度的时候，才会合乎逻辑地自然而然产生。,,2
伦敦城市大学卡斯商学院消费市场教授温斯·米切尔在接受本报记者采访时说，现在的问题已经不是“马肉丑闻”事态本身，而是政府部门、生产商、零售商等如何应对丑闻，他们的声誉在丑闻中都遭到重创，在目前的危机处理中，他们的反应速度越快、透明度越高，丑闻造成的长远破坏才可能越少。,,2
这种斗争将贯穿社会主义整个历史时期，“要到阶级完全灭亡，斗争才会止息”。,,2
然而，从红日初升捱到烈日当顶，整整等了五个小时，售票员才姗姗来到。,,2
对于这样严重的侵略行为，越南国际委员会一直拖到二月十三日才向日内瓦会议两主席提出了一项特别报告。,,2
她豁然明白了军事上，湖南在一九四九年的秋天便解放了，但李嫒毑，正如中南区千千万万的农民，到去年下半年才喘过第一口气来。,,2
有些工作不能在大风中进行，他们就在天蒙蒙亮的时候上山去，一直工作到下午起风的时候才停止。,,2
这个特务分子到这时才发现美蒋特务机关所说的“空投大陆会受到反共民众的欢迎”，原来是彻头彻尾的谎话，他吓得丧魂落魄，最后终于被像捉猪一样地活捉了。,,2
他们的思想是受到各方面的影响才产生的。,,2
周春姣在接受了“五好”教育以后，认识到自己过日子没有计划，是家庭生活困难、夫妻吵架的主要原因，才下决心实行计划开支，于是家庭生活情况有了显著的转变。,,2
我深深感到，只有我们伟大的社会主义祖国，才会出现这样人与人之间的亲密关系。,,2
有时候，上一班投的料，到下一班才使用，班组的原料消耗和成本不容易算清楚。,,2
现在内地消费者到香港买保险产品的不少，我排了半天才买上。,,2
要加大改革力度，从政策上引导、支持，让基层医院有一批水平过硬、百姓信任的好医生，从根本上提高基层医院的医疗质量，那么，百姓看病到社区医院才会水到渠成。,,2
股长科座屁不顶，熬到县团才够哪！,,2
一直就这样等到三位爱国华侨安全回到东京后，我们才从大阪动身；梅兰芳同志词严义正地谴责了日本反动派的不友好行动。,,2
为了争取早日把节目排练好，她放弃了去北戴河休养的机会，和编导李仁顺同志一起，每天下午顶着似火的骄阳到排练场，一直练到六、七点钟才回家。,,2
车修好后，司机们怕小车再次发生故障，又帮着尼泊尔朋友开了四百多公里，车到浪卡子县时，才交给尼泊尔朋友。,,2
有时，比赛从下午一直打到深夜，阿里总是陪运动员回“亚运村”后才回家。,,2
杏子区供销社木家门市部有人出来横加干涉，要他们到区供销社讲清货源情况才准营业。,,2
插枝，无论玫瑰，蔷薇，都要挑得不太老不太嫩的，剪得不太长不太短，删掉叶子，随时灌水，放在阳光不多也不太阴暗的地方，还得在春秋二季多雨的时候进行；像桂花的压条，要到新枝已另生根才可以和母树断绝关系，也都有一定的过程。,,2
在全厂修改工时定额中，量具车间千分尺工部的定额还不到修改时间（按规定是半年修改一次，这个组才修改过三个月），但是这个小组在过去执行新定额的三个月中，做千分尺架刨光工作已经突破定额50%。,,2
自行车来到田头停下，我们才发现来客是个姑娘，她的车子尾架驮着两个绿色的大袋。,,2
因为部分企业会计制度不健全，所得税汇算清交工作延长了时间，到十月份才全部结束。,,2
事情过了半年，当设备运到后才发现多引进了一台日光照射仪。,,2
他也是在到了学校之后，才了解周边环境。,,2
一种情况是科研不是走在生产建设前面，而是当生产中遇到了难题，才去研究它，解决它。,,2
由于大家精心爱护，使电动机寿命得以延长，过去十几天就要修理一次，现在则可以用到七十几天才修理。,,2
有两个C就要受到警告，成绩全部在良好以上才发给文凭。,,2
观众不知道，为了把小观众引入小强的幻梦里，以把他们的兴趣点巩固在目前的学习和未来的科学幻想上，整个剧组是怎样孜孜不倦地从剧情、舞台调度到灯光效果都经过千百次地反复试验，才在舞台上出现了那样绚丽的海底世界！,,2
阿朗西漫游了全世界，把聪明一点儿一点儿汇集在一起，等到快满了，它才决定把它挂到地球上顶高顶高的那棵树的树梢上。,,2
丁一上校等一直把缅甸朋友们送到国境线上的畹町桥头，才依依惜别。,,2
生锈的钢筋有更大的拉力生锈的钢筋有更大的拉力钢条锈到什么程度才不能用作混凝土里的钢筋呢？,,2
到家的时候，他的妻子张改英好像故意跟他作对，很久不端出饭来，反倒唠唠叨叨地说：“你才回来得早呐，天都黑尽了。,,2
到一九七七年十一月，才勉强超过危机前高点千分之四。,,2
有一天，他们从清晨出发，一直走到深夜十一点半才到达一个村庄。,,2
后至一九四一年十二月，因西南公路不能通车，国民党反动派感到无法运输，才取消了搜刮人民的统购统销的办法。,,2
他粗暴地打断了会议，说他要等到七月一日才回来。,,2
25日上午8点就出了门，先去文津街参加国务院参事室的座谈会，又到军事博物馆，在“首都百名老人书画百米长卷”上留诗，足足忙到下午1点才回家。,,2
在宣布停赛的两个星期内，阿根廷足协和社会治安机构经过反复协商和协调，提出了新的制止足球暴力现象再度发生的一系列措施，在得到法官认可后才使全国足球比赛得以重新开始。,,2
都做到交班标准了，工人在记录上签了名，经过班长验收，这才下班。,,2
这就意味着飞行员必须飞到目标的正上方，在较低高度投放，这样炸弹才不致偏离目标。,,2
我们兄弟几个来到了北京，才发现了这块‘新大陆’。,,2
经过长期激烈的阶级斗争，到战国中期，新的封建生产关系才在各诸侯国基本确立起来。,,2
万幸的是，长途汽车到太原市郊才坏，还有市内公共汽车可坐，如果坏在半路，而不是太原市郊，我当天就无法赶到太原了。,,2
它从美国的辛辛那提动物园，乘30个小时有空调的汽车到了纽约，从那里，又“飞”了15个小时才到达目的地。,,2
一次，边防站的哨兵看到一匹马飞奔而来，跑近了才发现骑在马背上的是个孩子，经了解，原来是贫苦牧民索南穷宗九岁的儿子登珠，因他在一片茅刺中看到冒出一缕青烟，便专门赶来向边防站报告。,,2
美国国会要到9月初才复会，这意味着在未来一个月，从联邦到地方政府都无法解决应对寨卡的“钱荒”问题。,,2
男主人敬过一轮酒之后，双手托起四五个馓子递到我面前，我双手接过，这时才和他对起话来：“请问，您怎么称呼？,,2
岩崎靠“坐功”赢得此局后，得意洋洋地回到寓所，精力仍然很充沛，便又叫来一个门徒，让三子指导一局后，才去睡觉。,,2
比如我们建立以公有制为主体、多种经济成分并存的社会主义市场经济体制，应该适当发展非公有制经济，但什么叫“适当”，非公有制经济在国民经济中占到多大比重才不至于动摇社会主义的“质”，以及当非公有制经济发展到一定“度”后应采取什么对策等问题，离开实证研究和定量分析是不可能得出科学结论的。,,2
不能等到完全成熟了才使用他们。,,2
后来，当他理想的头一再碰钉子，并亲身受到某些“灰色的东西”（如剧中的袁中义之流）的伤害，他才叹息道：“真会这样的么？,,2
中国林业出版社预计在去年九月出版“木材采运企业财务组织”一书，拖到今年三月，说在六月出书，现在又通知说在今年第四季度才出书。,,2
今年二月，华北煤矿管理局工程公司通过该公司瓦工组长王永乐，写信到河北大城、文安、河间等地招来工人六十三人；这些工人到京后，该公司才到北京市劳动局办理手续。,,2
这支队伍一直绕到市俱乐部附近，光明厂带出来的麻油绳也用完了，他们才又折回中山路东头，呼了一阵口号各自散队。,,2
一直拖到1995年，她才住进了油田敦煌基地职工总医院。,,2
江主席告别时，顾老一直送到楼下公寓门口，才依依惜别。,,2
中曾根表示，日本要等到美国对这一计划作出详细解释后才决定是否参加。,,2
海信集团在操作过程中有两点值得重视：第一，坚持先改经营状况好的子公司，即“靓女先嫁”，不要等到没有出路时才卖给职工。,,2
放下电话我就静静地想，这可真是“春到人间草木知”啊，这才几年的工夫呀，一个那么偏僻的小城，就有了如此美丽的景象，让朋友不惜花钱打电话告诉我。,,2
同志一词早已见诸于我国古书上，不过这个词当初的含义是指同性恋者，只是到了晚清，孙中山组织革命党互称同志，同志才在我国获得了崭新的意义，即“志同道合”的人，为共同的理想、事业而奋斗的人，特别指同一个政党的成员。,,2
后来，我们搭车来到在拉萨的家，玲玲打电话让他爸爸回来，而繁森却还是等到下班后才回到家中。,,2
农村实行了生产责任制，农民生产很忙，商店应当为农民着想，尽量做到盘点不停业，如确实需要停业，事先贴出“安民告示”打个招呼才好。,,2
这些年我一天到晚忙这忙那，没有拿出时间好好陪妈妈，去年一年才和妈妈一起吃过三顿饭，未能尽到孝心，想到这里我是多么后悔，多么难过。,,2
乔装“恩人”的凶手们乔装“恩人”的凶手们麦克阿瑟与杜鲁门的威克岛会议，如所周知，是在那位远东独裁者屡屡次次被邀请到华盛顿去，而又屡屡次次被他拒绝之后，才举行的。,,2
这次邀请赛中让我们看到各行各业的业余创作者的才华，首先表现在他们非常智慧和合理地选择题材的“切入点”，直接切入生活的内部，启开了生活的诗意。,,2
同时看到凡是估计情况严重单人溜的，都遇到危险，吃了亏，有的几天才回来，把枪扔了。,,2
只有内心修炼到足够强大，才可以无惧于任何改变。,,2
见过世面的人，多少个夜晚被乡亲们团团围住，讲着：关于城里的地毯和霓虹灯……从飞机上看到的黄河长城……大海，龙王才住得起的大海，那是洗浴太阳的地方，轮船在天边移动，象是一条鱼脊。,,2
在做手术时候，他看到战士的被美国重武器所损毁、所扭曲的痛苦的躯体，他才具体体会到了美帝国主义的野蛮和丑恶。,,2
德意志民主共和国的选手普洛伊塞和德意志联邦共和国选手弗伦多费尔的一局比赛中，也打到二十五比二十七才告终。,,2
到去年年底，才勉强被评为二等品。,,2
为什么要到人死了才处理呢？,,2
即使最简单的独轮车，西欧也是在中国采用了九到十个世纪以后才出现的。,,2
最近“少年之家”门前开群众大会，许多人到“少年之家”来借凳子坐，值日员一直等到深夜散会后，把会场剩下的几张凳子全部搬回“少年之家”才回去睡觉。,,2
他又说，要到“在军事上有必要时”，才会恢复“护航”。,,2
如果某些重要物资确实发生全国性的供应困难，影响到广大群众的生活时，当然也要考虑适当减少出口，但要先报告国务院批准，然后修改出口计划才好。,,2
被救上来后，这个队员见到这种危险的情景，不禁紧紧地握住那两个舍尔巴朋友的手，不知说什么才好。,,2
对于生存竞争在农村里已经和将要引起的后果，比如“两极分化”、“越轨转向”啦，“物质富，精神穷”啦，等等，作者没有跳到读者面前作肯定的或否定的论说，但通过对姜得才、常茂林两家竞争过程的具体描写和道德的、审美的评价，读者很容易理解作者的思想倾向。,,2
第一次，我们把六六六药粉撒到地里，结果一个蛐蛐也没有杀死；第二次，用麸皮和六六六药粉做成毒饵，撒在地里，只杀死了几个；第三次，把香油掺进毒饵里，才取得了明显效果。,,2
波兰总统克瓦希涅夫斯基不久前表示，波兰在伊拉克是否拥有大规模杀伤性武器问题上受到了“误导”，但他同时表示，只有当伊拉克实现政权移交和成立独立的伊拉克政府之后，波兰才会撤回驻扎在伊拉克的军队。,,2
贾强图　锡兵文如何认识“政府零败诉”当民众越来越多地在行政公开中感受到尊重，在依法行政中感受到平等，才会逐渐改变以往的思维定势，对类似的“零败诉”多些理性认识岁末年初，各类统计数据屡屡成为热议话题。,,2
过了5个月之后，到今年4月21日，天津市劳动局才向市人民检察院提出控告。,,2
有几天他是坚持工作到夜三时后才和衣而睡的。,,2
第三，进行生产教学的过程，既要和实际的生产过程相吻合，还要照顾到理论教学的顺序性，这样才便于边做边学，互相配合。,,2
陈志行先生说，他在互联网络上看到人们讨论要多少年以后电脑才可能与人脑在围棋领域相抗，有人说要1000年，陈先生作为专业人士表示了谨慎的乐观，他说：“100年吧。,,2
可是，当他们深入到经济的微观层面后，才发现：上海的纺织业不景气，武汉、重庆纺织业的日子也很难过；上海的机械工业陷入萧条，武汉、重庆亦然……这个考察团怀着东部带动中西部经济发展的真诚愿望而来。,,2
由讲师升到副教授，是非常严格的事，应该在询求专家的意见和系内详细的讨论之后，才可以作出决定。,,2
只有思想认识到位了，改革才会从“要我改”转变成“我要改”。,,2
不少华人新移民来到美国后，才发现真实情况根本就不是像有些媒体报道的那样“在北京二环买得起房子就可以在纽约买个别墅”，且美国税收制度极为严厉，以至于美国数年前出台第一批海外资产“自首”计划后就有不少的旅美台湾人为了保住在台湾的资产，宁愿选择放弃美国的国籍或者绿卡。,,2
因为当时我们没有准备，到三月二十五日我的丈夫才去北京把孩子接回天津。,,2
也有三点小小的遗憾：一是没听到叶佳修、张明敏那样原汁原味的校园歌曲；二是才俊荟萃的北大、清华、广院学生为主的晚会，热闹倒是有，可惜太像一个班级联欢会，与我想象中的艺术水准有点距离；三是几首校园老歌字幕不时有误，让人凭添几分别扭。,,2
必须得将公司的总部搬迁到宁波才可以。,,2
他说，“只有更好地了解党员群众的期盼和愿望并带到大会上去，才不会辜负党和人民的重托……”　　２０１１年１０月。,,2
只有加强售后服务，保证住宅能得到经常的有效的维修和管理，人们才会放心地去购买住宅。,,2
把世界原子战争看成是像同蒋介石打仗一样，这是天真的，只有收到一个纸老虎的礼物并用一支纸箭射死纸老虎来玩的孩子才会这样想。,,2
人民要求把一贯道点传师刘毓英拉到南苑枪毙，就真枪毙了，这才大快人心哪！,,2
经过福建前线解放军某医院的全力抢救，并且得到当地自中共地委第一书记以下成千人自动报名输血等多方面支援，才从死神手里夺回了生命。,,2
到了日本才和一些普通的日本工人、学生、职员接触。,,2
庄子说“吾生有涯而学无涯”，他用有生之涯追求无涯的知识，身为漆园小吏，聘他为相，他不为所动，一心于自己的学问，达到“形若曳枯木”，“止若聚死灰”那样的痴迷状态，因此才创造出仪态万方、汪洋恣肆、“其言宏绰”、“其旨玄妙”的《庄子》。,,2
1957年小麦收到场上，赶上了连雨天，一连二十多天雨不停，把人急的不知怎么才好。,,2
他说：现在这条小河已经没有这么脏了，因为现在中国也有很多环保规定，例如：工厂不可以把污水随便排放到河里去，必须先要经过处理后才可以排放到河里去，另外居民也关心环境保护了。,,2
工作人员介绍说，中午原本12时关门，结果一直工作到1时45分才停，前来交钱办证的市民是以往的整整4倍。,,2
从一九五零年下半年到一九五一年七月，李先银和炼钢部职工费了很大的力量，才使钢的化学规格由百分之二十五提高到百分之三十九，钢的夹灰、夹沙和缩孔仍然很严重。,,2
她说话很快，声音洪亮，不知说到一件什么事，哈哈大笑起来，笑得那么快活、爽朗，只有那种胸怀开阔，无忧无虑的人，才会有这么坦率的笑声。,,2
他们便先在一块地中使上一半浸了的种，一半没浸的种，结果浸种的七天到八天出齐了，没浸种的十天到十一天才出齐，浸种的长得旺，没浸种的长得不旺。,,2
有人认为，应该把罗进放到营部，给领导当通讯员，这样才好照顾。,,2
我靠路边停下车来，这位美国警察先生彬彬有礼地向我问好，报了他的名字，然后说：“我让你停车的原因是你本来没想在停车牌前停车，看到我之后你才停下的。,,2
格林本来很有可能刷新自己保持的9秒79的世界纪录，可惜决赛中他起跑稍慢，前半程落后于加拿大老将苏林一点点，跑到60米处两人不相上下，最后30米格林才发力，领先亚军苏林4%秒。,,2
以具体规定为例，在美国，如果涉及到单车项目，需要先和政府沟通，获得许可后才可落地。,,2
吃完晚饭，鲁蓓左等右等不见高建成的面，一直等到深夜两点钟，他才回来。,,2
直等到太阳平西，不热了，才又去耕地。,,2
这样，就不能不影响广大农民饲养瘦肉型猪和在出瘦肉率最高时售猪的积极性，致使他们常常把猪育到二百多斤、三百来斤才出栏，结果一头头出瘦肉率较高的猪都成了大肥猪。,,2
他跑到阵地上，庄严地向雷达敬了个军礼，才依依不舍地走下雪山。,,2
从各发达国家合作社的历史看，它是商品经济发展到一定阶段的产物，而且只有按商品经济的要求组织合作社，才会有强大生命力。,,2
找到厂址，即根据图样施工，这时才发现这个工程妨碍市政建设计划，因而不得不修改原图。,,2
那天在哨位上，我的胃穿孔了，腹部剧烈疼痛，是国旗激励我坚持站完岗，然后正步走到军营才倒在床上。,,2
这篇著作到了6月19日才公开发表，在近四个月的时间里，党内高级干部曾进行过认真的讨论。,,2
巴黎的咖啡馆，一般在早晨七点开门，到午夜后二、三点左右才关门。,,2
作为一个革命教师，为革命而教，为巩固无产阶级专政而教，把本职工作和全局观念联系起来，就会感到胸怀开阔，浑身是劲，大有奔头；只有个别被资产阶级个人主义迷住心窍，对旧教育恋恋不舍的人，才会在这大好的教育革命形势面前，哀叹什么“当教师没奔头”！,,2
据调查，现在尚未作出抉择的选民占28%，其中，东部的选民有可能起决定作用，他们并不认定基民盟或社民党，许多人要到选举前夕才决定把票投给谁。,,2
看到卷宗才大吃一惊。,,2
随着社会主义市场经济体制的建立，身居军营的石银燕又面临新的选择：西安某单位聘请她到公关部工作，那里可以充分展示她的才华。,,2
燃运部部长、党员马社路“家”离工棚只有300米，但当爱人和孩子从武汉来到徐州时，他竟然忙得几天进不了家，当妻子、孩子要离开的时候，他才从工地匆匆赶来。,,2
这时，敌人恼羞成怒，再度连续炮轰了五个小时，到黄昏才停止，敌人再也不敢来进攻。,,2
读到这个份上，才如哲学家冯友兰所说的“是在用脑子读书，而不只是用眼睛读书”，并进入“把死书读活，使书为我所用”之境。,,2
记得他在河南作地下工作的时候，每天都要跑好多路，虽然他的身体那样瘦弱，但他从来不坐车子，每天早晨出来，到夜深才回来，回家以后还要看一两个钟头书。,,2
十一月二十八日，港英更进而制造借口，悍然强行封闭中华中学的校舍，并声称对校舍的“封闭令”要到一九六八年八月十五日才停止。,,2
这位科长和他的一位科员为了和别的单位展开竞赛，正在辛勤地统计大字报的数字，时刻惦念着处理的指标如何达到80%以上，才不致于落在别人后边。,,2
在德国访问的日子里，我们不时听到人们这样说，乍一听还有些不大理解，跑了一段时间，才体会到其中的道理。,,2
富马发表谈话反对美国干涉老挝　表示要回老挝为组织联合政府而努力富马发表谈话反对美国干涉老挝表示要回老挝为组织联合政府而努力新华社17日讯　巴黎消息：老挝王国政府首相梭发那·富马亲王15日在对巴黎《世界报》记者发表的谈话里谈到老挝最近的事态发展时说，“最近的军事行动是在万象部队的军事挑衅之后才发动的。,,2
要是等到群众揭发才发现有“坑”，再进行处理，总有点讽刺味道。,,2
过去有个别地区未能很好执行这一方针，发生过一些偏差，曾使当地畜牧业经济的发展受到很大影响，甚至受到损失，在纠正之后，畜牧业生产才又纳入正常轨道。,,2
蔬菜组的售货员岳中光有一次整理了一夜蔬菜，第二天看到买菜的顾客很多，就自动帮助卖菜，一直忙到顾客减少了才去休息。,,2
有一次情况紧急，拖到午夜才召集，中层干部们齐刷刷的。,,2
场子里的观众却很安静，只是在听到剧中人的某一句妙语时，才发出哄堂大笑。,,2
第二天上午，这件事情传到了街道八八人民公社，这个公社为了准备病人急需输血，早已和医院有联系，并且组织有输血队，当听到这个消息后，公社书记王广恩同志亲自领着十个男女青年来到医院要求输血，经检查有三个男同志和两个女同志血型相对；输给产妇四百九十CC血，这才基本上扭转了病情的危急，救好了钱杏弟。,,2
到一九七○年第一季度，棉布入库一等品率才只有百分之三十七，棉纱合格率也很低。,,2
“不平衡”时，不妨算算“经济账”、“法纪账”、“良心账”，看到自己得到过什么、会失去什么，自重、自省、自警、自励，慎权、慎欲、慎微、慎交，才不会迷失政治与信仰的方向。,,2
小曾却又工作了两天，安排好自己想到的一切才住进医院。,,2
只是到了第三次，他们才取得了济南厂的“真经”，带回了各工序木材消耗的一整套经济指标和四十六项具体经验②。,,2
可到了好莱坞一摸口袋，才剩下40美金。,,2
所以，这个有首都著名艺术家表演、内容十分精采的大联欢，只好推到正月初七才举行。,,2
后来说到蒋军的窜扰，她说她家里是因为听到蒋贼进攻才催着过了门，若不然还得再读几年书。,,2
原来胡适在当时确是和研究系息息相通而又反对国共两党的（胡适的思想最右倾，当国共合作时他连国民党也反对，一定要等到国民党反动腐化之后才去靠拢它），我既是胡适集团的嫡系，在厦门和广州时又仿佛成了胡适的代表人，鲁迅先生站在革命立场上来看，我的政治面貌当然和胡适一致，他不攻击我攻击哪一个！,,2
的主妇身体健康而有风韵谁见到她都要钟情但是慕尼黑的名声不好大家都在咒骂她把她看作灾祸的象征因为她曾经和一个纵火犯鬼混那是个十足的流氓比魔鬼还要恶三分还有一个带伞的英国人还有一个窄额头的法国人三个人一边喝啤酒一边把邻居出卖了接着是整个欧罗巴升起了熊熊大火连慕尼黑她自己也卷到大火里面慕尼黑是从瓦砾堆里爬出来的眼睛里流着眼泪嘴里念念有词她能埋怨谁呢花了整整三十五年才医治了战争的创伤但她已失去了青春如今巴伐利亚的啤酒依然招引了四面八方的客人第二代的慕尼黑比母亲更美丽、也更殷勤但愿她不再和魔鬼交朋友把门户看得紧接受母亲的教训生活得更聪明……五月三十日在慕尼黑市政府的宴会之后图片黄河儿女　〔木刻〕　许彦博愿与人民同患难愿与人民同患难刘廷礼敬爱的朱德同志在《和董必武同志七绝》中有两句诗：“愿与人民同患难，誓拚热血固神州。,,2
以前种象草（一种良种牧草），一般是长到两米才割，以为这样产量高。,,2
但他最后决定，我国在肌肉生物学方面还处于起步阶段，家乡湖南是一个养殖业大省，于是他婉拒聘请，决定回到更能展现自己才华和价值的家乡。,,2
我们的事业之所以兴旺发达，之所以得到人民群众的拥护和支持，就是因为我们有一个伟大的党，有一大批优秀的党员，优秀的干部，包括在体育界以及其他各界的精英才俊。,,2
无论工人、农民、学生、教授、艺术家、工程师、建筑师和机关干部，都可以在这展览馆内学到他喜爱的专业知识，当我们还处在社会主义经济建设的初期，各种经验知识还很不足，对于苏联为我们准备的这样一座又全面又专门的“学校”，应当感到格外珍贵，我们应该利用这个机会仔细参观，好好学习，才不辜负苏联政府和人民对我们的深切关怀和友谊。,,2
比如满心欢喜地去看房，结果被中介忽悠租其他住房；遇到奇葩的房东，借各种理由随意涨价；想提取公积金付房租，才发现手续繁、到账晚、限制多……正是这一只只拦路虎，让租房成了一件令人不胜烦恼的事。,,2
在发达国家，个人理财业务几乎深入到每一个家庭，而在中国，这项业务才刚刚开始起步。,,2
到下午四点钟才从这里改乘生产大队的大车继续往前走。,,2
张团长就是看到这篇散文后才专程赶到唐古拉山……我领着团长来到多吉顿珠阿爸的帐房前，只见门帘上吊着一只藏靴——这是阿爸自己做的暗号，告诉找他的人他放牧去了。,,2
他现在非常后悔不该接受那次电视采访，正是因为他在1994年5月7日接受美国ABC电视台的一次采访中讲到，1944年他在意大利阿尔德亚迪纳大屠杀中曾亲自开枪打死一名意大利人，从而人们才发现了他的踪迹。,,2
然后，真正读到它已是20世纪70年代末了，这还是读了游国恩等著的《中国文学史》后才去寻而读之的。,,2
毛竹造纸，至少要经过16道工序：砟竹、砍青、削竹、拷白、浸坯、断料……千辛万苦，反复试验，蒋放年造出了一种特殊的古籍宣纸，洁白平匀，富有弹性，着墨力强，拉强性好，宣纸垂直悬挂，要到3227米才会断。,,2
从原料到成品经过逐步加工有无数次的工序，先把原料成为若干中间产品，最后才叫作成品。,,2
到北京参加全国人民代表大会会议后，看到陆续揭发出来的章罗联盟及其他右派分子的反党反社会主义言行，才大吃一惊。,,2
以往主张婴儿出生后第二天开始喂糖水，尤其在家庭分娩的一般都要到妈妈的奶来后才喂养，这是很不科学的。,,2
但是第一次挂牌的价格过高，所以到第二次拍卖才出手承接该船。,,2
特别是工业建设，对全党来说是一件全新的事业，问题就不免多一些，正是因为党看到了今天工业部门干部力量还很薄弱，工作中还存在着不少缺点，党才下决心抽调大批优秀干部来增强工业建设，所以，每一个转业干部看到这些缺点，不但不应该因而泄气，更应当加重自己的责任感，采取正确的态度，协助原有的干部，共同来克服这些缺点。,,2
今天，我们缅怀这些献身台湾光复事业的先哲志士，也深深感到我们自己肩上的重任，但愿台湾早日归回祖国的怀抱，早日实现祖国的统一大业，我们才不致愧对前贤和后代的子孙！,,2
尝到了用的甜头以后，才又学了为人民服务，有了缺点就不怕批评以及其他的观点。,,2
在一定意义上，即相对于解放和发展生产力、相对于最终达到共同富裕的目标来说，可以认为公有制是一种手段，因为我们对于这一制度，不是为坚持而坚持，而是由于我们确信它是最有利于解放和发展生产力，最有利于实现共同富裕目标才予以坚持的；但是，从我们的理想和信念的意义上说，它又是目的，正如邓小平同志强调的，“马克思主义的最高目的就是要实现共产主义”，“我们多年奋斗就是为了共产主义，我们的信念理想就是要搞共产主义”，而共产主义说到底就是一种生产资料归公共所有的制度，共产主义的其他一切特征，都是从这个制度中派生出来的。,,2
其中不也包含着很多学问吗……讲到这里，荣荣停了一会儿，才又接着对我说：“从那以后，我想通了，真的想通了，是教训和泪水冲开了我心里的疙瘩。,,2
只有在故事中让人看到中国的文化，遇见中国人的灵魂，进而实现对中国全新的想象，才可称为是对一个故事的最终完成。,,2
同样，若想永远得到群众的支持，我们就必须永远与群众站在一起，时刻代表最广大人民群众的根本利益，这样党才会焕发出无穷的生命力！,,2
最后增修的从同登到南关一段五公里长的线路，到一九○八年才修成。,,2
徐展堂八十年代中在香港买到其中6件，另两件10多年后才在纽约的一次拍卖会上寻得，真是“10年圆一梦”。,,2
值得提及的是，部分学者还就人文精神讨论如何健康深入地进行发表了意见，指出，应从当代中国的政治经济结构、运行机制的现状来认识人文精神，弄清楚我们到底失落了什么，需要重建的是什么，唯一现实的途径是什么，这样讨论才不至沦为少数文人的乌托邦游戏；厘清人文精神的学术发展史，对中西人文精神作出创造性诠释，为解决现实问题提供真切可靠的思想资源。,,2
一次，红六军团政治部主任甘泗淇同志到部队检查工作途中突遭敌人的偷袭，在紧急关头，正是任副指导员的他凭着自己的机智勇敢，带领全连与敌人巧妙周旋，才使军团领导和随行人员及时摆脱了险境。,,2
如果我们的青年演员事先就会骑车、游泳、骑马、开汽车，甚至开飞机（象外国有些演员那样），而不是在接到任务后才临阵磨枪，岂不更好？,,2
其中有两点值得特别注意：第一、必须足够的认识当前收复区部分群众的恐惧与埋怨情绪是暂时的而且也是必然的；我们必须耐心倾听群众意见，无条件的接受群众的正确批评，很好的进行挨户的慰问抚恤工作，只有使群众得到真实的温暖时，群众的情绪才会重新鼓舞起来。,,2
各地各部门要把诚信建设与完善现代市场体系、推动转型升级、创新社会治理、转变政府职能结合起来，贯穿到经济社会发展各领域，在治理重点领域、解决突出问题上求突破，在激励守信、惩戒失信上见实效，只有这样，诚信制度才可能真正落地生根、开花结果。,,2
从地球的那一端回到这一端　　在罗克佳华采访，听到一个新词——“灯光鼓励”：只要在公司，董事长李玮、总裁邓中恒和高级副总裁吴晓闯，都会在办公室开夜车，常常到凌晨两三点才关灯。,,2
我们拖延到十二月二十九日才发出正式处理决定。,,2
现在她刚到这里才不久，因为对许多器材都还不熟悉，先不叫她干别的，让她坐在旁边看看，熟悉熟悉。,,2
这个厂规定走时误差每昼夜不超过三十秒，走时延续达到四十八小时的闹钟才准出厂，并为此采取了一系列提高产品质量的具体措施。,,2
恩科莫在讲话中说，“十分清楚，由于我们的武装解放斗争的进展，联合王国政府及其盟国已感到他们在津巴布韦和南部非洲的利益受到威胁，因此，才不得不召开这次会议。,,2
文章是用文言文写的，共分8部分，他越读越兴奋，心想：“只知毛主席在青年时代就积极锻炼身体，游泳、爬山……为天降大任作准备，没想到还这样认真系统地对体育做过研究，这些精辟的见解应传播开来，让全国人民和体育工作者认真学习才好呀！,,2
等到十二月份，很多农民已经在酝酿办高级社了，“办社问题解答”、“宣传合作化政策”、“耕畜入社问题”等书籍才出版，因此大部分都积压了下来。,,2
讲到这里，我想起了和我一起出席第一次大会的一批老艺术家，他们为革命奉献了各自才华，他们的艺术作品都是站在人民一边的，他们是人民的代言人。,,2
西宁乡党委书记刘国仁热情地接待了我们，并滔滔说道：“原来我一直在海浪镇当镇长，来到宁西乡才半年多。,,2
到12月中旬，O型血库存仍然为零的状态，后经广西警官学校300名学生相助，才使库存略有上升。,,2
许多商品，例如豆制品、熟肉制品、凉粉、蔬菜等常常开门无货，要到九点钟，甚至更晚才上货。,,2
马凤华同志白天参加体力劳动，发现了问题，就利用晚上工人休息的时间，去做政治思想工作，常常到深夜十二点才休息。,,2
艺术理论的形态和艺术创作一样，应当也能使人感到有趣才好。,,2
考虑到如果有人搬进了这层楼，落实政策一事更没有希望了，所以张德华才于7月27日自行搬回。,,2
时事手册”第五期有十六万多册迟发二十天，等到各地不少邮局收到第六期后，来信查询时才在仓库内找出。,,2
张振海想到这两个社员没有赶过车，就不顾自己正发高烧，冒着刺骨寒风赶到装车地点，帮着那两个社员装好车，上好绞绳，一直送出了五里多远才回来。,,2
当我们离开日惹的时候，也是这个乐队和一些印度尼西亚的朋友们，亲自把我们送到一百八十公里以外的地方——茉莉芬，沿途奏乐，歌唱，欢呼，一直看着我们的背影消逝在翡翠一般的林荫道中，他们才依依不舍地回去。,,2
他在那里一直呆到第二天早晨10时多才回来，是来接我和弟弟去医院看妹妹的，因为那天正好是星期三，我们不上学。,,2
想要产生用于抵消噪声的声波，首先要得到噪声的信息才可以。,,2
一九五○年工程的决算到一九五一年四月才做出。,,2
快到凌晨三点了，好不容易才合上眼。,,2
有一个患者已连续5天没什么症状，准备让他出院，结果第六天他发低烧，没有达到出院标准，一直等到所有指标都符合了，才允许其出院。,,2
中午烧饭时，连水也找不到，她们几乎分头跑遍整个荒岛，在灼热的石头和干燥的沙土中搜索，到傍晚，才发现一个泉眼，等到她们挖出泉水时，天已经黑得伸手不见五指，呼啸的海风又刮得几乎站不住脚。,,2
1407年郑和自中国到马六甲，他乘坐的船在龙骨上突然出现一个洞，险些遇难，正在危急时，有一条叫做“三保”的鱼，紧贴洞口，才使郑和的船免遭海难。,,2
在广州天河区上班、住在番禺的刘小姐在闹钟响到第四轮后，才勉强从床上爬起来。,,2
这只有进一步对越南施加压力，从各方面增加其困难，使越南最后深切感到依靠苏联来推行地区霸权主义，到头来不但捞不到什么好处，反而使自己在国内面临重重危机，对外又日益受苏联控制，到那时，也只有到那时，越南才会考虑是否改弦更张。,,2
天津造纸总厂增设了硫铁矿烙烧炉，设计人在设计时，没有考虑到蒸煮能力可能发挥的情况，就决定增设一个炉子；等到烙烧炉已经定制，才发现一个炉子不够用，于是决定再增加一个；但是两个炉子又用不完；而且反应塔也不够了。,,2
在大面积土地上幼苗夭折，仅仅是由于人们一直拖到夏天才去播种”。,,2
再说，我们国家计划到2000年才基本实现九年制义务教育，而你已经有了高中文化程度。,,2
朝鲜男子队对柬埔寨男子队的比赛，从晚上八时半打到十一时，朝鲜队才以五比二获胜。,,2
我们在江阴投资1亿美元兴办的科技项目，从动工、完工到生产，一共才几个月的时间，这在我们企业对外投资的历史上是超纪录的。,,2
因孩子冯小妹病情严重，急需到省医院去，可是钱又不够，急得不知怎样才好。,,2
他们依托村落的美，开发出了同这美深度契合的民宿——听听这些诗意的名：云端觅境、云上平田、酉田花开……也只有亲临了、眼睛和身心感受到了，你才会打心眼里佩服这些年轻人。,,2
王玉成和社员们边干活边了解情况；休息时，他走门串户，逐家逐户地向社员、干部作调查，有时到深更半夜才回家。,,2
今年参加中国伊斯兰教朝觐团到过埃及最近才回来的冶成林阿吉（回族）当场给纳赛尔总统写了一封信，表示全力支持埃及的斗争。,,2
直等到黄昏人静，才在泉水边洗净血污，抹上泥巴，雇了一辆黄包车来到裕祥铁铺。,,2
我们听到朝鲜平民——妇女、儿童与老人——所受到的苦难，而这些苦难正是因为我国代表所拥护的那个战争才会有的。,,2
我们也深深地体味到，文学只有在沐浴了生活和现实的风风雨雨，以及战胜邪恶和丑陋之后才会更有力量，人们也将在这种文学的唤醒和引导中得到鼓舞和振奋。,,2
审查的结论，须在支部大会上讨论通过，然后由支部书记负责整理成文交到区委去审查批准；最后才填表登记。,,2
当全国千家万户欢度春节的时候，人们很自然地会想到，正是老一辈革命者浴血奋斗、长期努力，才创造和赢得了今天的和平、安定和繁荣。,,2
1970年，他要买一把二胡，走遍全曼谷乐器行都没买到，最后向义福巷一家中国乐器店订购，逾年才到手，而且价钱贵得惊人。,,2
只有狠抓“天天读”的自觉性，把“天天读”提高到对毛主席和毛泽东思想的态度来认识，才会感到“天天读”是继续革命的需要。,,2
只有去寻找那种基本与别人无争无碍的享受，去体味那种既物质更精神上的享受，去创造那种能够品尝得出来的，从心灵到感官的享受，享受得有文化，有品位，有水平，有质量，才使自己活得充实，活得有滋味。,,2
他急急赶回工厂上班，放心不下，又溜到银行，看到黄淑珍拿到钱，才回工厂。,,2
当她把热腾腾的烙饼送到我手上的时候，我真不知道说什么才好。,,2
聂鲁达终于认识到，必须接触人民，了解人民，与人民同呼吸共命运，一个诗人才会有力量，这是“非常非常重要的”，这时他积极地参加各种政治活动，深入基层，访问贫苦的工人，访问边远的乡村和矿山，了解人民的疾苦，给群众朗诵自己的作品。,,2
我们是一个拥有六亿多人民的大国，到现在经常参加体育活动的才不过一千多万人。,,2
正如我们看到的，网络名人大多不具备特殊才华或卓越品质。,,2
只有人民群众的生活得到保障和不断改善，人民群众的建设热情才可能不断高涨。,,2
为使我及时得到救治，黄书洪毫不犹豫掏出身上仅有的450元，又找朋友借了200元，合计650元，才使我动了手术。,,2
象修水利、积肥、除虫、造林等，都推到第二年春天才动手。,,2
医疗队到西藏阿里地区扎达县沙壤区工作，白天，他们攀悬崖，爬陡坡；深夜，露宿在雪坡上，整整走了五天，才到达目的地。,,2
到五月以后县委的错误也开始暴露，但又没有及时派人去处理，一直拖到一九五一年春才作处理。,,2
篮球永远不是独角戏，只有5个人的作用都得到体现，胜利才会顺理成章。,,2
而在1953年10月到1956年10月这三年期间，全苏联牛的头数才增加了七百四十万头，猪增加了八百九十万头。,,2
陈湘惊喜地发现，等到路修好，要给村里的老墙画壁画，请的20多个画家才到村，村民家家户户早已提着灰桶在刷墙。,,2
反过来说就是：只有在美国“遭到外来进攻”或者美国的“盟国”“遭到外来进攻”这两个前提下，美国才会“进行任何单方面的干涉。,,2
李晓彤强调，中国人需要具备一种对世界开放的态度，认识到文化差异才会自觉调整自己的行为，文明举止需入乡随俗。,,2
瑞穗银行则进一步预测美联储可能会等到2016年下半年才会有加息的条件。,,2
当地报纸评论说，残疾演员用歌声、舞姿和乐曲，让观众感受到身体的残障并不能禁锢他们的才华、梦想，现实的逆境并不能夺去他们对生命的热爱。,,2
应该看到的是，新一波全球化“浪潮”正扑面而来，这次，规则之争成为焦点，区域互动或许才刚上路。,,2
在春节之前在春节之前采购人员，你们辛苦了为了供应首都人民在春节期间的肉食需要，北京市食品公司在1957年元旦前后，就组织了一百多个采购人员到内蒙古、河北、山西、河南以及西北各省采购猪、羊、牛、鸡……最近才从内蒙古的锡林郭勒盟回到北京的北京市食品公司第二业务科副科长马龙书告诉记者，现在的内蒙古正是大雪封路的日子，气温降到零下三十多度，把成千上万只牛羊运出来是一件十分艰苦的事情。,,2
法国人民太了解什么是战争了，希特勒统治法国时的屈辱的日子的记忆也好，战后那些令人生厌的罐头食品的味道也好，每月、每年家庭簿记上的赤字也好，自己从事的行业的衰落也好，各个不同的角度都使他们感到：“这样好像不行，也许真的要有别的办法才好”。,,2
一年的实践，使下放干部们体会到，只有在真正成为一个普通劳动者的时候，才会感到真正的光荣和内心最大的愉快。,,2
同时，也只有到群众里面去，才可能真正跟紧毛主席的伟大战略部署，深刻地理解毛主席伟大的战略思想，正确地执行毛主席的无产阶级革命路线。,,2
然而，与几年前相比，我在采访中却感到不同，仔细想想才发现，那是因为委员们的工作态度和热情都非昔日可比。,,2
但汝南油脂支公司领导干部事先并没有做好收购准备工作，等到芝麻大量上市，才临时到街上买了些旧木料，做芝麻囤垛的垫杆。,,2
然而，越追越早的历史也碰到一个理论与方法的瓶颈，那就是——原本“满天星斗”的邦国，什么时候才可以算内在同一的“中国”？,,2
他娘泪水未擦干，到家一看，水才两岁的小弟弟少气无力地躺在床上，小手撕着被套往嘴里填。,,2
想要成绩达到巅峰，得要几年或者几个周期的调整才可以。,,2
对于欧洲国家普遍关注的裁减中程导弹谈判，苏联方面坚持要美国回到开始在欧洲部署导弹前的局面，才准备回到谈判桌上来，而美国根本不打算这样做。,,2
侵占这里的印度军队，在今年九月十六日我国政府限期要他们从中锡边界的中国一侧拆除侵略工事以后，他们还一赖再赖，一直赖到我国部队逼近工事进行监视，才丢盔弃甲、狼狈逃窜。,,2
根据国际货币基金组织的要求，泰国的外汇储备必须在今年底达到230亿至250亿美元的水平才够条件接受该组织的后续援助。,,2
这和此前一些部门和机构得出的数据有较大差异，这不排除有统计口径的问题，但也提醒我们，不能把这个系统建成一个封闭的系统，要真正做到保持开放、动态跟踪，才不会遗漏每一个需要帮助的人。,,2
许多学生因而体会到党的政策的正确，兴奋地说：我们亲眼看到了农村的大好形势，只有集体化的道路，才为广大农民开辟了无限美好的前途。,,2
当年，蒋介石反动派把他们看作眼中钉、肉中刺，只是顾虑到人民的力量和社会舆论才不敢公然加以谋害。,,2
我是一个战士，通过学习新党章，我体会到：只有把本职工作和中国革命、世界革命联系起来，把本职工作看成是革命不可少的一个组成部分，才会觉得它的重大意义。,,2
对于社会主义中国的作家，要求他们站在马列主义的立场上，深入到人民群众精神抖擞地为四化而拚搏的行列中去，去正确而不是歪曲地试按时代的脉搏，这样，才不致被一些纷纭复杂的表象所迷惑，用正确的思想、观点，去分析乱麻一般的生活现象，从而看清它的实质，在自己的作品中确立主题，深入地反映现实，使它既富于生活气息，也富于思想性，这样的作品对读者说来，既得到教育启发，又得到美感享受。,,2
从现在我们所看到的社会主义新人形象来看，无论是乔光朴式的，李铜钟式的，还是陆文婷式的，刘毛妹式的，他们都经过坎坷与曲折，都有自己的喜怒哀乐，惟其如此，才以自己独特的命运，深深刻印在读者的心中。,,2
当省委书记了解到下角两年前还是惠州城区各项工作最为落后的一个办事处，才两度春秋已办起实业43家，长线投资有如千帆竞发，治安工作、街道建设、计划生育、老龄福利、造林绿化等跃入市区先进行列，他笑逐颜开拍着黄江晋敦实的肩膀说：“好啊，你干得不错，很有闯劲！,,2
在混凝土的浇筑过程中，由一个工序到下一个工序，一定要经过检查，签发合格证以后才可以交接。,,2
有一位参加演出的六十五岁的卡奇·约尔干纪，在我们从文化宫回到旅馆的时候，才发现他原来就是这所旅馆的会计！,,2
由于种种原因，这次会议一直推迟到今年才召开。,,2
常家祠堂是现存中国民居中规模最大、结构最完整的祠堂，贵和堂的七开间绣楼，更是中国民居最高档次的建筑，达到王府才允许建造的级别。,,2
当下谈到了半夜，饶兴礼的妻子郭凤兰，做了面条，弄了点酒，请他们吃了夜宵，万登安才回去安息。,,2
他们以为化肥、种子用到田里，有事没事要几个月后才“水落石出”；即便出了问题，又以为农民单家独户，没有时间、金钱、能力去打官司。,,2
漫步街头，不时看到一些年青妇女们披着传统的黑色斗篷，从头到脚把身子遮盖得严严实实，这才使人想起，这里是阿拉伯人生活的地方。,,2
结果逼得这同学在第二天上午五时赶到我站拿了钱去，学校才准他参加考试。,,2
有人也怀疑，欧洲央行可能也是提前听到一些风声，才出乎市场意料地下调了利率。,,2
该厂还投资六十多万元建起了中心试验室，对整机进行抽样检测，每台电扇要通过基本性能、安全性能、耐久性能等四十二个项目的全面检测，保证产品达到质量标准才出厂。,,2
没想到这样的一个简单的事情，竟然跑了5次、走了上百里路才办成，浪费了许多时间。,,2
我们做一切工作，要做得好，就要研究规律，把各种情况、各种可能，都想到，都做了准备，这样才不至于出乎意料。,,2
小型轧钢厂热轧工段的段长、副段长经常是早晨7点钟就到厂里，晚上七八点钟才回家。,,2
他指出，美国部署在欧洲的短导到90年代中期才会“过时”，它的现代化问题并不紧迫；当务之急是裁减常规军备，苏联在这方面的优势依然很大。,,2
这时，已到下午6点多钟，这才吃上晚饭。,,2
中国科学院水生生物研究所的鱼病学家倪达书教授和一些研究人员经过反复试验以后认为，鱼在被捕捞时或者受到寄生虫和细菌的侵害而有了外伤才会感染水霉菌。,,2
去年，无锡在天元纺织厂敲第一锤时，原定下午3时30分举行敲锭仪式，而到了2时30分，车间主任才不得已下令关掉了电源，停下了正在生产的机器。,,2
学习应贯彻理论与实践相联系，领导、群众、技术人员三结合，由上到下和由下到上相结合等方法，一切新的创造都要经过试验才去推广，这些学习方法实践证明是有效的。,,2
为这，咱们全家人都跟着“倒霉”，总是等到八九点才吃晚饭。,,2
与这种庄严的心情不同的是，阿鲁的行前准备还有充满了喜剧色彩的另一面：先是临出发突然发现忘了带经费；再是到了北极后欲换穿脏的长裤时，才发现带的是妻子的裤子。,,2
一年到头了，世界经济与国际秩序的深度调整却才启程。,,2
来到厂子，吕德俊找到了魏师傅，停顿了好半天，才不紧不慢地说：“这回，我也就是在党的教育培养下做了一个青年人应当做的事。,,2
中国高档消费品常常呈超常规发展之势，一些人均收入达到多少才买什么用品的预测往往失准。,,2
没有想到，这位热爱中华大地、热爱祖国和人民的优秀作家，还没有来得及踏上祖国大陆的土地，亲眼看看他如此关怀的亿万同胞和他过去只是从书本上才了解的祖国山川，就离开了我们。,,2
本来满怀期待地想看到漫山遍野的薰衣草，而当到达目的地时，她才发现一切并不是想象中的那样。,,2
一九五二年六月二日”美方代表居心破坏朝鲜停战谈判　竟采取每天要求无限期休会的无耻手段美方代表居心破坏朝鲜停战谈判竟采取每天要求无限期休会的无耻手段【新华社开城五日电】本社特派记者报道：历时近十一个月的朝鲜停战谈判已到达危险阶段，美方谈判代表显然是蓄意要破裂谈判，但又害怕公众谴责，才不敢公然使谈判破裂，而采取每天要求无限期休会的方法，希图以此来终止谈判。,,2
由于这些方法都不能解决汉字的注音问题，到了公元前三世纪，我们的老前辈才发明了“反切”的方法。,,2
到了机座造好，工人们去装置电机时，才发觉这个地方很不好，又狭小又不通风，光线黯淡。,,2
经过我工人的坚决斗争，到十一日凌晨两点，鲍富达、麦亚里士达、披顿等才在我义正词严的工人群众面前低头认罪，写了“认罪保证书”。,,2
群众从事实上感觉到党和社会主义好，这样，理想、纪律教育，共产主义思想和爱国主义教育，才会有效。,,2
此间舆论认为，有关赦免问题可能推迟到韩国总统选举前后才会予以考虑。,,2
有时还遇到看来才只有五、六岁的小男孩和小姑娘。,,2
30年间台州城镇人口占总人口的比重从1949年的7．07％，到1979年增加到10．91％，差不多平均10年才增加一个百分点。,,2
那是一场血淋淋的极恐怖的战争，一直战到十八天才告结束。,,2
这天夜里，张定荣为了整理第二天等用的一份资料，一直忙到凌晨三点才回宿舍。,,2
他们说，显然“江丙坤案”是“法务部”受到上级的指示才办。,,2
孩子丢了马上报警，不用等24小时”“孩子走失，到底怎么做才好”“深夜打车，这些事一定要注意”……一段时期孩子丢失、女孩失踪等新闻较多，人民日报微博制作发布的这些辟谣服务性文章，在微博中广泛传播。,,2
商店要让消费者看到捉拿、消灭假冒伪劣商品的决心和行动，消费者才会心甘情愿、放心大胆地进行消费。,,2
他想起了1929年大旱年景的一件事情：那年他经过实际研究，在四亩地里提前十天播种小麦，种到接近冻土，借土地解冻泛潮的水分，发芽生长了；以后虽然过了四十多天才下雨，但一逢雨水麦苗很快就缓过气来；6、7月是连月无雨，可这时他的小麦已经成熟了。,,2
勤丰农业合作社猪肥质量越来越低，领导干部过去也找不到改变这种情况的办法，后来经过社员一辩论，这才了解到问题症结所在，接着把积肥办法和收购价格作了调整，社员积肥积极性就大大高涨起来。,,2
当李福荣谈到他的进步和赞扬他的工活质量时，才回过头来望了一眼，微微一笑，但立刻又转过身子，不言不语地整修着道岔。,,2
照多面镜子，时常照镜子，党员干部就会感到转作风的紧迫性，才会挂不住、坐不住。,,2
这次我们观摩了全国少数民族群众业余艺术会演，受到了鞭策和深刻的教育；“乌兰牧骑”的示范性演出又给我们专业文艺工作者树立了为工农兵服务的好榜样，只有沿着工农兵的方向前进，才可能成为一个真正的革命文艺工作者。,,2
说农民“哄抢”，其实不确，农民是拿着钱来买，买不到，才“抢买”，为买化肥，耗去农民的一大半心劲，种田反倒成了次要的。,,2
今年在播种前后，各地大力除草防蚜消灭木本寄主，推迟了棉蚜的发生时间，到6月初旬，棉蚜才先后发生。,,2
我们的足球也一样，只有做到准确定位，彻底承认中国足球的综合实力还处于亚洲二流水平，才不会受一次比赛成绩好坏的影响，卧薪尝胆，发愤图强，扎扎实实地提高各个环节的水平，全面增强综合实力。,,2
后来，想不到却受到外国客人的欢迎，这才坚持办下去的。,,2
第二季度，我们在汉口买不到，特地派人跑到上海，同很多单位商量才买到一小部分，远远不能满足需要。,,2
他说，涉及到职工利益的改革，如住房制度、社会保险制度、医疗制度等方面的改革，一定要走群众路线，只有得到广大职工群众的认可和支持才会获得成功。,,2
小严也深深体会到：到农村来，不是大材小用，而是“才”不够用。,,2
在掘进任务的安排上，领导干部和有关生产人员，都事先到井下调查研究后才制定，然后直接把计划下达到各个掘进组。,,2
插手干预老挝联合政府组成问题　哈里曼到仰光　将与富马会晤插手干预老挝联合政府组成问题哈里曼到仰光　将与富马会晤新华社14日讯　仰光消息：最近才从华盛顿回到扩大的日内瓦会议谈判桌上来的美国代表哈里曼，昨天又匆匆离开日内瓦，于今天到达缅甸首都仰光。,,2
《天方夜谭》里经常提到的哈伦·赖世德（公元七八六至八○九年在位），是伊斯兰教国王的典型，他和他的几个继承者所表现的慷慨大方，像磁石一样，把诗人、才子、乐师、歌手，以及有一技之长，能引起哈里发的兴趣，能供他娱乐的各式各样的人物，都吸引到首都来了。,,2
贺业臣谈到他为什么冒生命的危险逃离蒋军时说，美国人在台湾横行霸道，稍有一点中国人气节的人都无法忍受，为他打仗卖命更不值得，因此他才下定决心，那怕有葬身鱼腹的危险，也要冲破怒海狂浪投到祖国的怀抱来。,,2
而据门诊部负责人讲，在双方签订协议时，没有考虑到广告宣传，所以协议中没有写，当门诊部的工作人员看到许多患者拿着印刷品广告来买药才发现。,,2
到底有多少“才俊之士”被故意丢弃了？,,2
一次，有位同志的小孩半夜三更突然生病，本来医院就在围墙之外，却要绕到大门，走几十分钟才到医院，结果差点误了小孩性命。,,2
山东省人口基数大，人均占有土地少，根据全省到2000年人口计划，能不能照顾农村独女户生第二胎，需要间隔多长时间生二胎才不会突破生育计划指标？,,2
党员带头，带领农民齐刷刷来到地里，恢复生产，整地种棉，晚上回到家里，才从废墟中清挖被埋掉的家庭财产。,,2
那段时间，肖明除了加班还是加班，不要说中午从没休息过，就连晚上也是天天加班到深夜才回家，有时还要到凌晨2点以后。,,2
然而，具体会有什么变化大概只有等到明年1月20日才会有答案。,,2
该法案于2月20日获立法会一般性通过后交常设委员会研究，常设委员会又先后举行了10次会议，期间与政府代表多次交换意见并完成意见书，政府在接到意见书并作出修订后，才向立法会全体大会提交了最后法案文本。,,2
至于说到国际委员会，正是由于美帝国主义和老挝右派的种种阻挠，才使它不能进行正常活动。,,2
他兴冲冲地把这种软件拿到国内来卖，没想到费尽心力，价格仅1万元一套才卖出几套，心里很纳闷。,,2
日本投降后，美国占领军总部的横滨军事法庭拖延到一九四八年三月一日才判处了少数几个次要人犯。,,2
但是，粮管所所长说：“这是县粮食局局长布置的，等到税务所退回2.1万多元奖金税后，才供应粮食”。,,2
除非山崩为平地，江河干涸见底，夏日满天飞雪，冬天雷声大作，天翻地覆世界到了尽头，我才会与你分手啊！,,2
来到跟前，才发现前不久落的一场暴雨，把路基冲坏了。,,2
中国是个发展中国家，其人均国民生产总值到下个世纪中叶才可能达到中等发达国家水平。,,2
只有到了自以为可以得胜回朝，才会趾高气扬地自我暴露一番。,,2
中国残疾人艺术团的到来将向人们证明，中国对人的权利，人的才华是多么地尊重。,,2
在大峡谷南崖的“皮玛”眺望区和“黑尔米特”眺望站，越过科罗拉多河北望，两峰清晰可见，这两峰是洛杉矶地区的华人登山队一九八七年到大峡谷登山，经当地登山人士在地图上指认后才发现的。,,2
从组织上讲，根据党和国家的政策，加强这方面的工作，把厚养工作做到平时工作中，不要等病倒了才去看望。,,2
黄埔一期的侯镜如于去年5月到美国探亲旅游，不久前才回到国内。,,2
依照工业加工生产和使用的要求，棉花不仅要做到适时收摘，还要分等收摘、存放，分级加工，这样才不至降低棉花等级和质量，能达到优质、优价、优用。,,2
郝振忠说：我一家八口来到巴彦，什么也没有，农活不熟悉，劳动力又弱，完全是靠集体帮助，才克服困难的。,,2
不少华侨华人表示，正是因为看了海外版，或者通过海外版认识了朋友，了解了政策，看清了形势，嗅到了祖国发展的机遇，才下定了回国投资的决心。,,2
但是另一方面，马克思主义政治经济学又告诉我们：“只有生产力发展到某种状况才会引起生产关系的某种变革”③。,,2
今年4月4日，当他再次来到这个医院就诊时，医生在他的脐左侧摸及一包块，这才为杨华作了腹部透视。,,2
到这时候，库木伊才发觉原来在这个世界上，既无上帝，也无国法，既无平等，也无真理。,,2
当着棉农回忆到：“解放前国民党反动政府压价收棉，棉花贱的没人要，人们把棉桃棉绒和棉秸一起当柴烧”；“日本帝国主义统治时强征棉花，挨门搜查，砸破纺车，种棉是担惊受怕”；“这几年种棉花才好，政府规定了棉粮比价，一百斤籽棉能换三百斤米；出了毛病政府帮着治，没有粮食政府借给吃，又贷肥料，又贷水车，又贷款打井，现在卖棉储棉，又说是爱国行动”；“在人民政府的帮助下，大家的生活已大大提高”。,,2
这还不是里约最精华的部分，到过里约长达几十公里的海滩，才会理解国际级的海滨城市是什么概念。,,2
他说：“想想我在解放以前当学徒时，早上六点起来干活，到晌午才吃上一顿窝窝头，一干干到半夜，还是吃的窝窝头。,,2
为了这一课，他找了几本有关英国文学方面的书参阅备课，在前两天还开夜车到凌晨3点，才写好了讲演提纲。,,2
水手长李义和说，30日夜里，他们工作到半夜后两点钟才下班，但到31日早晨九点钟，大家又开始工作了。,,2
最近几年中，由于几次访问了这个地区，收集到了一些新的材料，才又对它进行了一些整理和删改，但缺点还是很多的，希望得到各方面同志们的批评指正。,,2
刘帅规定我读的那三本书，在战争年代很不容易找到，费了好大劲，才在一些老财家里陆续借到了。,,2
三年以前，焦裕禄同志在老韩陵采纳了老贫农萧位芬的建议，到处宣传种泡桐树的时候，这三个小青年，才只有十五六岁。,,2
我们来到一幢特别高的楼房前，进去之后，姐姐才告诉我这是一个可以室内飞翔的地方。,,2
只有长期深入到生产斗争中去，同工人群众结合，才会做出成就来。,,2
规律的认识既然是一个以实践为基础的发展过程，既然是由不知到知，由不完全的知到较完全的知的过程，那么我们就应该一面努力实践，一面不断总结经验，提高认识，既不能等到规律已经完全被我们认识以后才去行动，也不要在实践经验还不多时就自认为规律已经被我们掌握了，可以不必继续探索了。,,2
据新华社）手提包失而复得手提包失而复得解放军福建某部回河南商丘探亲的张建亚等三位同志，乘83次客车于8月21日到达商丘车站时，由于只顾和来接的亲人们谈笑，却忘了清点所带行李件数，到了张建亚家里才发现短少一个提包。,,2
你瞧，演小品找到了一位满脑子主意、人又极好的搭档——黄宏；刚完成的影片里找到了一位演技、人品俱佳的朋友——李雪健；生活中找到了一位才华横溢、“再理想不过的”爱她的丈夫——英达。,,2
从陈云同志关于坚持真理、修正错误的思想和行动中，可以得到这样几点启示：第一，只有对党和人民的利益高度负责，同时又对实际情况深切了解，才可能做到坚持真理、修正错误。,,2
经这么一说，大家逐渐感到还是不分为好，才做出了不分的决定。,,2
但是出门旅行，依然有很多烦心事，比如驱车去到景点后才发现无处停车，景区内人满为患、看个景点要排队两三个小时，网上报的旅行团赶时间削减景点等等。,,2
人的意志得到锤炼，才力得到最充分的发挥。,,2
一九九五年车站从抓服务质量入手，通过职业道德、市场营销教育，促使干部职工树立市场意识和质量意识，车站明确提出“服务质量，就是我们生存的保证”，使职工认识到“让旅客感到安全愉快满意，让货主感到简便快捷放心，他们才会给我们发工资”的道理。,,2
在开幕式现场，来自世界各地的优秀大学生们见到导演组精心布置的开幕式场景非常兴奋，当他们与10位极具湖湘文化气息的铜人互动时，当他们与40位琴师伴随着中国古典音乐翩翩起舞时，当他们看到主持人汪涵出现在写有“惟楚有才于斯为盛”的门口时……无一不被导演组的精心安排所震撼。,,2
后来，我们找到领导方面，才从仓库里拿来了皮带运输机上的一部分零件。,,2
后来呀，李二爹说到这里，声音哽塞了；停了一阵，才又开口，“你们是猜得到手的，他在杠子底下过去了，可怜他跟我没有过过一天好日子，体子单弱，年纪又轻。,,2
以后，到徐涤家来玩的朋友渐渐少了，熟人见到她也绕道走开，有的同学开玩笑说：“徐涤，只有死人的时候才会想起找你罗。,,2
再如丽水县决定在三月二十三日召开优抚模范会议，还在二月下旬就写信向民政厅要奖状、要喜报，不见发下来，又于三月十三日写信去催，望眼欲穿，还不见发下来，到三月二十五日会议已经结束，才发下来。,,2
他在车站直挨到天黑才回家。,,2
这种斗争，要到资产阶级的政治的和思想的影响最后消灭的时候，才会熄灭。,,2
四是注重社科联机关的各项制度建设，做到行为有规范、岗位有标准、工作有秩序，从而使工作人员的思想道德素质和业务素质不断提高，努力建设一支政治强、业务精、作风正的干部队伍，在社会科学战线上施展才华，作出无愧于时代的业绩。,,2
亏得是炭好，到天快黑才勉强半送半卖地换了两个钱。,,2
工人的伙食不好，还常吃生饭；工人也没有正当的文化生活，不少工人看荒诞淫秽神怪小说；或者在外边玩到深夜才回家，第二天常常误工，严重地影响了基本建设任务的完成。,,2
我们的女儿谢季韬现在还不到六岁半，她去年夏天才从深圳来到加拿大。,,2
据说，由于交通困难，常常迟到深夜才回到宿舍。,,2
乒乓球运动在亚洲已达到百花齐放的局面，涌现出大批有才华的后起之秀。,,2
菊池对芥川关怀备至，从生活上到文学创作，多方给予支援，使芥川能够充分施展才华。,,2
在复赛中，今年6月曾到我国参加长城杯国际足球锦标赛的加拿大队差一点爆出冷门，只是在最后互射点球时才以3∶5输给夺冠呼声很高的巴西队。,,2
在旧社会里，自己既没有勇气跑到时代前面，到新社会来必须争取前进，才不落在后面。,,2
有个叫张圆的没赶上公共汽车，又回到网球中心，最后在警察叔叔护送下才回到家中。,,2
肯尼迪在今年的“国情咨文”中说：“只有在全世界放下……使我们将来的生存受到威胁的武器的时候，世界秩序才会得到保障”。,,2
因为到这里来，只有吃生蚝才不至于亏本，一个生蚝1美元，吃上30个生蚝就够本了。,,2
一颗热心“首先要自己做到，别人才会听你的”采访间隙，村民张祥辉来到李光忠家里：“我是来还钱的”。,,2
