text,label
蓝口公社解放初期才1.6万人，现在是3.82多万人，三十一年时间，增加了2.2万多人，如果继续按这个速度增长，二十年之后，全社要增加到8.8万至9万人。,3
我想，我们公社每人平均才九分耕地，如果都搞大株行距，势必影响粮食作物面积，果树生产，也应该按照农业“八字宪法”办事，实行合理密植。,3
我才叫一声：“大姐——”，就再也说不出话来，我的眼泪不住地转，要涌出来。,3
后来听说农村有废棉，才二百多元一吨，还有的是。,3
去年，他在一次执行巡逻任务中，为了排除越军埋入我境的地雷，英勇牺牲，当时才22岁。,3
东单区一个商店，去年12月上、中两旬共销售一百五十三台打字机，这个月到现在才卖了三台。,3
一切的一切，就像昨天才发生一样。,3
明新那时才十岁，刚能摸到水车的把手，也上了阵。,3
1979年农民人均收入才231元。,3
有的同志说：农场周围的生产队，地势高，土质好，生产经验、肥料和技术条件都比我们好，一般的才亩产三百来斤，我们在这里还有什么搞头。,3
伊拉克战争才不过20来天，此前却渲染了近一年。,3
这条公路全长才15华里，但它是这里的农民为了迎接社会主义的好日子而自动修起来的。,3
我当时入党才一年多。,3
欢迎人群中，年龄最大的有90多岁，是来自江苏徐州的徐老先生；最小的才3岁，跟着母亲，小手中拿着国旗；欢迎人群中还有老外，大家打着标语，舞龙舞狮，敲锣打鼓，热闹非凡。,3
徐广福才五岁的大女儿天真地挥动小手欢迎贵宾。,3
而在2011年加拿大大选中，具有中国大陆背景的才3人。,3
大家知道，南越伪军总共才五十多万人，这支缺乏兵源补充的傀儡军，能够经得起多少次类似的打击？,3
内塔尼亚胡强调，只有在巴自治政府履行打击恐怖活动的义务后，以色列才会进一步向巴方移交约旦河西岸土地。,3
三分种，七分管，你一家才五口人，老的老，小的小，这么大面积你抚育管理得了吗？,3
现在，北斗三号的原子钟已提升到每300万年才出现1秒误差的精度。,3
参赛者最大年龄74岁，最小的才14岁。,3
十二名孩子，最大的十五岁，最小的才七岁，要吃，要穿，要上学，要办各种手续；有病的要治病，甚至半夜送医院；不良习惯，要慢慢改。,3
却因为患有先心病被父母遗弃在医院里，到“宝贝之家”时才刚刚7天，后来又被查出患有肝损害，需要长期服药治疗。,3
看人家晓菲，才四五岁，抱着本大厚书，一坐就是半天。,3
她想，我和伟大祖国同年诞生同时成长，今年才二十一岁，在文化大革命中，又是红卫兵小将，一直是积极捍卫毛主席革命路线的。,3
只有千方百计增加农民收入，开拓农村市场，才会进一步拉动整个经济增长。,3
高雄一家总医院给病人输氧气，每小时索价新台币六十元，一天就要一千四百多元，而氧气的市价每桶才一百元。,3
只有经过自己刻苦钻研出来的，才一辈子也忘不了。,3
待有十几二十条了，才一串儿提上岸。,3
里约奥运会才到第七个比赛日，中国“三大球”的告别却提前进入倒计时。,3
该县一年的财政收入才三千余万元。,3
同是社会主义国家，国力相差悬殊，苏联东欧等一些社会主义国家，人均国民生产总值都在2000美元以上，他们能实行全免费教育，我们这个人均收入才300多美元的穷国就很难办到。,3
她毅然参加了革命队伍，这时她才二十岁。,3
当时部队迅速南进，没有来得及把这件事情的底细告诉朝鲜人民，直到去年春天，志愿军某部战士们到墓前进行隆重的祭奠时，当地人民才从一位战士李治黄的口中知道了这位不朽的朝鲜母亲生前的动人事迹。,3
在七月一日至六日的六天当中，我想尽办法才做了三个劳动日；其余时间干了些什么呢？,3
软班长”变“硬手”这个公社堡大队的党支部书记叫王悦，才二十六岁。,3
抓人者怕她死在监狱，才在5年半之后的1973年7月，把昏迷的她伴着氧气瓶押送回长沙。,3
然而，贬官潮州，上任才一个月，便写开了荒诞不经的《祭鳄鱼文》。,3
这个地主一年收二三百石粮，分到七个长工名下的才只有三二十石。,3
我才又一次受到严重的教训。,3
日本兵走远了，我们才出了一口气。,3
那时，耿凯才5岁，弟弟3岁，妹妹刚满月。,3
到1980年底，全社海水养殖面积才10，820亩，鱼虾蟹贝产量仅1，224担。,3
美国警察曾破获一个儿童贩毒机关，吸毒犯全部是男女儿童，最大的才不过十七岁。,3
才几年的功夫，青山里就变了样，生活就变了样，人也变了样啊！,3
这个大队有三对老夫妻，他们分别有八九个儿女，大的已经成家了，小的才十来岁，结果是自己到五六十岁了，还没“解放”出来，吃的不如人家，穿的不如人家。,3
一九六五年冬天，哈米拉的母亲和兄、嫂都病了，能出门的只有当时才十三岁的哈米拉。,3
才八点刚过，是谁来的电话呢？,3
东莱阳市人民广播电台　贺忠采取有效措施　打击剪径行为采取有效措施　打击剪径行为十月二十七日上午，我们乘坐南昌至武汉的班车，路过江西永修县境内的迎客饭店时才十点钟，司机就停车要乘客吃午饭。,3
一个母亲沉痛地说：“我在一九四七年生第一个小孩，才四十天，小孩因有病常哭，一个深夜里哭得特别厉害，邻人都厌烦了。,3
今年才二十一岁的余传恩在旁边讲：他们已经将五把不同规格的小方椅送到广州中国商品出口展览会展出，同时跟对外贸易部门订了合同，制作了八十多把小方椅。,3
你才到厂几天，应该虚心向人家学习！,3
如某村党支部书记欧某，到1995年任职才4年，可他一次性购买了11年的养老保险。,3
你们看到维尼纶才几天？,3
说是下午3时到场，才2时40分，4位同志已踏进门。,3
有的地方买一个新禾桶才十二三元，但修理一个旧的就要七八元，这样，群众就不大愿意修理了。,3
学在前　干在前学在前　干在前云南省地质局第二水文队团委副书记陈国栋，今年才24岁，可他担任团委专职干部已经五年了。,3
当在村办企业上班的群众月工资达到200多元时，他这位当支书的月工资还在60元以下，直到1988年年底，在党员、群众的联名提议下，他的月工资才升到90元。,3
问她生意如何，这位笑口常开的妇女解嘲地说：“今天才卖了一件毛衣，连机票钱还未挣出来呢。,3
胡大才一直镇静地站在礁石上。,3
张丽丽利用业余时间，跑了10多家商店，才买到28包酒曲。,3
我说您是大姐，他才九十九。,3
当时我们渔民村人也不多，才90多人，能劳动的有几十人，一年下来每人都能分不少钱。,3
王瑞安在节目中告诉主持人艾伦，自己学钢琴才一年半，但是他很爱音乐，有时候旋律会直接流到他的指尖。,3
但我们这次去襄樊棉织厂，见人家最高的工资才四十五元，一般都是三、四十元，比我们低得多，但人家生产好，去年就上交了二万五千元利润，相当于工厂全部财产的两倍多。,3
洁白的雪地上留下了两行脚印：妈妈的脚印子深一些；小海才七岁，脚印浅浅的，但上边清晰地印着五个脚趾头。,3
刘是元氏人，曾在石家庄建国中学肄业，才十九岁，去岁投入青年军二零八师，于清风店战役中被我解放，现在我某政治部工作。,3
当谈到他冒着生命危险，逃出营场的原因时，他说，他想回到共和国的心是那样急切，而“国际审查”又是那么渺茫和不可信，因此他才在二十四日下午趁特务们稍一疏忽，就爬出铁丝网逃出来。,3
这宗铁板是当地铁业生产合作社不可缺少的原料，有二分厚，一尺至二尺宽，而扁铁才一、二寸宽，根本不合用。,3
经李明岭的爱人王德兰（党员，也在该厂工作）多次请求和厂里医生帮助，厂里才借了一百八十二万元给李明岭，付清了药费和住院费用。,3
你们看，他才30多岁，可头发已白了很多……”孙淑伟说不下去了，胡恩勇拿了一瓶矿泉水轻轻放在孙淑伟面前。,3
解放前他给地主当了六年长工，没田没地，土地改革以后才分到一亩六分田和一间房子。,3
庙垭乡拱桥村村长1987年至1988年4月为37对青年出具了结婚证明，其中，有28人不够法定婚龄，最小的才16岁。,3
才乘一线凭风去便有愚儿仰面看（妙句之妙）——宋·王令《纸鸢》万文武　　趋炎附势是一种时弊。,3
水才一心想着队里的几万棵树苗，哪里肯住。,3
那时的祝希娟才21岁，扮演指导员的王心刚27岁，陈强也不过41岁。,3
我们走这条路毕竟才八年时间，有一些东西明确了，有一些还在探索中。,3
父亲脑血栓瘫痪在床，公婆已年逾古稀，儿子才刚刚几岁，哪一方面都让她牵肠挂肚。,3
咱村30年前才五六百人，现在1400多口了，人多了，耕地却由那时的人均4亩减少到2亩多。,3
茂才同志八卷本文集的出版，我是发自内心高兴的。,3
这时‘迎迎’才四肢无力地躺了下来。,3
一九七六年，人口上升到四千三百多人的核桃公社，粮食总产量下降到一百零四万斤，亩产不到六十斤；社员每人平均只分到口粮一百九十二斤，分配收入才二十三元。,3
寿张县委对许多重要工作，经常是经过充分酝酿，热烈讨论，反复调查研究才取得一致意见的。,3
随即，他又苦笑了：恢复工作才几天？,3
而旧中国从1878年开始到1942年的六十四年内，全国煤矿最高年产量才六千一百八十七万吨。,3
同一篇传记，记载顺治同他母后的关系才60个字，记载康熙同他祖母的关系则有715个字。,3
总管说：“混蛋，骡子倒了，你们救人不救骡子，淹死一头骡子一百多块钱，死一个人才四十块钱。,3
任何食物放在猴子们面前，猴王不先动，哪个猴子都不敢动，只有等猴王享用完了，众猴们才一拥而上吃将起来。,3
落叶松、樟子松、云杉……我和妻子刚工作的时候，这里好多树才一人多高，现在都长成了茁壮的大树。,3
全行业合营到现在，才不过一年多的时间，有些问题，都是在体现了合营企业优越性的基础上发生的。,3
姑无论共产党和民主党派的关系，并不像周公与成王那样是“君”与“臣”的地位，就是帮助也是为了建立社会主义社会，才在同一目标之下共同奋斗的。,3
苏小小墓亭共有“金粉六朝香车何处，才华一代青冢优存”等12副柱联，拟分别邀请12位全国著名书法家书写，是西湖风景区中柱联最多的一座亭子。,3
后经家属向院长请求，才在五月十九日给他开刀抽脓千余CC。,3
一个结实的“立方体”有人比喻：这次讨论会是个“立方体”，不是平方面，中美双方代表一共才40人左右，但有其高度和深度，而且是比较结实的，这种说法不为过。,3
汤淼能出任主力接应二传有些幸运的成分，由于他的前任陆飞受伤病影响离开了球队，进入国家队才一年时间的汤淼被委以重任。,3
他想回头望望小梅，才一扭脸，鬼子的大皮鞋就踢上来了。,3
其中高级研发人员的月薪达6万元，但扣除“五险一金”和个人所得税后，实际到手的才3万多元。,3
电影艺术的诞生，才不过八十余年，比起其他的艺术来，还是年轻的小妹妹。,3
当时，陈英才40多岁。,3
她说到这里叹了一口气：“我那小不点儿才三个月，全靠喂奶呢！,3
父亲叫张文适，是景阳村民兵自卫队的副队长，儿子叫张玉碧，是个才十一岁的“少年军”。,3
孩子才八岁，麻醉的部位不好选择，弄不好大出血，就有生命危险。,3
金正洪来了，他真诚开导苏华：“10年是不短，但也不是很长，你才二十出头，今后的路长着呢。,3
直到解放后，日子才一天天好起来。,3
曾辉才30岁，他有妻子女儿。,3
长庆公社正东大队第五生产队是个只有16户、70来亩耕地的山区小队，社员平均口粮才400来斤，劳动工值一天只够换一包常德烟。,3
叶冲表示，社会赛事呈现繁盛之势，对击剑选手来说是一件好事，“实战对于选手能力和经验的提升至关重要，只有在比赛中多经历，才会少一些一剑之差的遗憾。,3
但一部电梯总共才几十万元，他们一户就想要20万元补偿，哪有那么多钱！,3
这里的娃娃，才四、五岁，还没上学，就踢起小皮球来了。,3
1999年5月，入伍才5个月的盛继宏，毅然向部队领导提出到南沙守礁的请求。,3
张成贵这才一方面表扬了老保管段三付这种可贵的社会主义积极性，一方面就这件事，对全工段职工进行了一次要调查研究，要实事求是的思想和政治路线的教育。,3
当年他才三十七岁，官至陆军中将。,3
国外同类轿车，价格在7000美元至10000多美元，出口到中国加了关税，也才20万元左右，像“大宇”赛手1.5排量12.8万元，“欧宝”1.6排量19.8万元，“菲亚特”1.4排量11万元。,3
这时，有的人说，修建宝（鸡）凤（州）段电气化铁路时，有外国专家“指导”，有进口的设备、材料，花了三年时间才修了九十四公里；现在要在一年内修建一百公里，办不到。,3
今年暑假时，他本打算去美国待一个月好好陪陪家人，结果才6天就因为单位有事匆匆赶回国内。,3
丁玉俚小学毕业后，在家里种了两年田，进共大那年才十六岁。,3
还有许许多多热爱老战士的同志，他们暗地里议论说：受了那么多苦，工作才三年，板凳还没坐热呢！,3
一天拾两三百斤棉花，做起来并不轻松，一朵花才三克重，两三百斤花，要拾多少朵啊！,3
列车到达南昌站，他下了火车，扛上沉重的大包，步出车站，脑子闪出一个念头：“叫辆三轮车吧，反正才六角钱！,3
只不过由于软件较贵，才使得百姓退而求其次，追求了清晰度仅240线、只有两个声道的VCD机。,3
一时和者云起，遂开彼邦词运，距志和原作才49年。,3
才三四年的混凝土建筑，外部沙浆即被侵蚀剥落，露出石子。,3
可惜圣人、救世主是极难得出世的，五百年、一千年才出来一两个，在他们没有出世前，奴隶们除了忍耐等待再没有别的法子了。,3
以前即便不停地烧煤，房间的温度也才16摄氏度。,3
其实我觉得去的人太少了，才去一万多人，零头儿还不够呢！,3
夏收满共才亏产二千零六十四斤，这粮食补起亏产，还余下两万六千多斤。,3
师长王少伯，15岁参军、17岁入党，在抗日战争、解放战争和抗美援朝的战争中都担当冲锋的角色，又自告奋勇投身于屯垦戍边，这一年才39岁。,3
新中国成立才十年，疾病泉源就枯干，若问原因是何在，人人都赞共产党。,3
在党委成员中，杨明珍年纪最轻，今年才二十六岁。,3
义工”在行动（图片）“义工”在行动本报记者　胡谋摄影报道深圳市有一支由各界人士组成的特殊队伍——“义务工作者联合会”，在38000多人的在册义工中，年龄最小的才14岁，最大的已经76岁。,3
走调的故事（市说新语）———恋曲二○○○之五钟旗如果说2000年的中国股市是一首歌的话，那么这首歌才唱了一半，便已经是绝顶的美丽绝顶的昂扬了。,3
这位副州长比人们想象的要年轻得多，一年前他就任副州长时，才四十八岁。,3
一些轻佻的女郎强拉硬扯着要与战士们合影、跳舞；有些人对战士们炫耀：“我们出来旅游一圈花几万元，你们一个月才几十元的津贴，还守在这儿干啥？,3
直到表演者们在场内组成“欢迎”字样时，场内的沉闷气氛才为之一变。,3
为了这个使命，有的战友放弃了上大学深造，有的放弃了到国外继承亲属财产，有的在亲人临终时都没能回去见上一面……一位才19岁的战友，患了肠癌还坚持要求去上哨。,3
七届二中全会闭幕才一个多月，这个中国赫鲁晓夫就跑到天津，卑鄙无耻地吹捧资本家，提出了臭名昭著的“剥削有功”论。,3
这样的公司当时有一批，但多数是翻牌过来的，不久或只好摘牌，或再翻成别的牌，而旭阳从6500万元资产起步，才三四年时间总资产已达3.7亿元。,3
本报刊登《两个消火栓怎能防火灾》的来信之后，市政有关部门才于11月初将6个消火栓修复。,3
婴儿爱玳，一岁多了，才只有五斤十四两（市斤）。,3
五十年前，当她爱人李耘生烈士在雨花台牺牲时，她才二十七岁。,3
从2月1日到26日，实际调进才9.57万担，只占应调进数的五分之一多一点，尚有近五分之四未调进。,3
他一直等到太阳偏西，才发现一只老母鸡向草堆走来，母鸡钻进草堆，过了好久，又“咯嗒、咯嗒……”地叫着钻了出来。,3
晓敏才18岁，潜力大着呢！,3
作者的年龄最大的十六岁，最小的才十二岁。,3
到目前为止，整个三峡移民包括湖北、重庆一共才8万多人，都是就近、就地安置，生活水平普遍高于搬迁之前。,3
一位女顾客抱怨：“上个月我在西单买了双‘黛安娜’皮鞋，248元，没过几天上‘蓝岛’，同样的鞋才208元。,3
直到近几年来，经两国史学界费尽艰辛，对家谱、族谱、传承世系等多方考证，才于1999年确证晋江上郭村为菲律宾国父何塞·黎刹的祖籍地。,3
在他们看来，康乾以降，正是由于中国失掉了西方近代以牛顿力学、电磁场理论、化学原子论和生物进化论为基础的科技革命的机遇，中华民族的近代史才失掉一个本应精彩的开篇。,3
我们用的条播机虽然每行苗宽度较窄，但行距才十二寸，所以在三十寸的距离内，旧法只能播一行，我们却可以播到两行半。,3
这毛头小伙儿确是满脸稚气，他才29岁。,3
土库曼斯坦队9月30日才凑齐11人，袁伟民团长开玩笑说，他们缺守门员，我们可以派领队王俊生去帮助守门。,3
有一次，他为寡妇阿尼西娅运草时，被大车碰坏了腿，伤口溃烂化脓，发烧40℃，有10多天无法下床，直到3个多月后才勉强一瘸一拐地走路。,3
一九五一年罗虫（又叫黄老虎）发生时，阎龙因人少力单，当时又雇不出人来，耽搁了两天，结果虫子把果树咬成个红棍，那年虽是个大班年，他才下了一千五百斤果子。,3
在日本侵华战争中担任军医的小川武满在会上控诉说，当年他和其他的日本兵才18岁，就被迫接受烧杀抢掠的训练。,3
据介绍，她那4岁零7个月的大儿子已经爱画画了，才11个月的小女儿已在学走路了，她说：儿子不笨，小女儿更聪明可爱。,3
也许我太贪婪了，待到画稿上模糊不清，这才发觉三峡里的夜幕降临得如此神速。,3
那时，他才四十七八岁，精力充沛，指挥有方，作风正派，生活简朴，是个难得的高级指挥员。,3
他奶奶拿不出钱，东求西恳的，揭了七十块钱，到俺娘手里，才剩了三十块，媒人却挣了四十。,3
李津成书记对记者说：“以前，西宁市每年的固定资产投资才几千万元，一九九七年达二十五亿元，一九九八年为三十八点九亿元，一九九九年达四十八点四亿元，二○○○年力争实现六十亿元。,3
全组技术工人仅六七人，平均技术水平才一级半。,3
产品的体积虽然这样大，今年十一个月却完成了十一台；而去年和前年做的圆筒干燥机，一个齿轮只有三吨重，两年总共才做了九台。,3
今天，这个支队的数十名平均年龄才30岁出头的舰长、副舰长，全都拥有大专以上学历。,3
有一次阿卜杜·阿齐齐下班到萧国华的宿舍一看，萧国华又回工地去了，于是他转回头立刻返回工地，直到萧国华把工作作完，他们才一块回宿舍。,3
我大吃一惊，广州至洛阳的一张飞机票才166元，手续费却要200元！,3
大人一月32斤，学生18斤半，包括白面、玉米面、小米、高粱，白面才一人八斤。,3
退市令“稻草人”（市说新语）黄湘源中国股市历经10年才出了一纸具体的连续亏损企业终止上市实施办法，俗称“退市令”。,3
她说：“才1个多月，小成变化特别大，现在能笑了，也胖了。,3
三十多年来，通信上的固定资产投资额总共才一百一十亿人民币。,3
老人光身爬到门边，闻讯赶来的左邻右舍，将大火扑灭，老人才免于一死。,3
他指出，陈水扁最近不但没有信心，还表现出焦虑和六神无主，是因为才几个星期的时间，陈水扁身边的陈菊、陈其迈、林文渊、陈哲男，都先后因为高捷弊案而“阵亡”或是剩下半条人命。,3
那时我才三岁，让妈说说父亲的冤死吧！,3
郭跃华才26岁，年龄不算大，但在乒坛上，却算是老将了。,3
因地制宜全面规划龙溪地区纯农业乡占50.9%，以农为主、其他生产占20%—30%的乡，占33.3%，以林、渔、果、副、盐为主的乡才占15.8%。,3
组成全部国土的近百个海岛加在一起才不过440平方公里，在非洲独立国家中倒数第一。,3
可这一回，县民政局给了600元，包村的电力局给了1000元，乡里还送来了木料，加在一起就是2000多元，说要给咱盖3间一面砖的新房，咱那倒塌的3间土房顶多才值1000元呀！,3
她对我说：她曾有过12个孩子，可全夭折了，其中生命最长的只几个月，最短的才几天。,3
因为速度要快，时间不够，而且他们总共才五个人。,3
在那里，一本书一版平常只有两千册，三版也才六千册；但是根据地的干部，单是在延安能看书的就有一万多。,3
波利扬斯基今年才二十岁。,3
临湘市是个农业县级市，经济发展在全省居中等水平，去年全市财政收入才8000多万元。,3
下半时，中国队力争挽回不利局势，可是由于投篮命中率太低，才30%多，只有对方命中率的一半，加上“黑猫”队在篮板球上占有优势，中国队顶不住客队的二次进攻和快速反击，下半时又输四分。,3
是谁对受灾的唐山坐视不救，反而进行阻挠破坏，狂叫“整个唐山才一百万人口，全国有八亿人口，有九百六十万平方公里，抹掉个唐山算得了什么？,3
全公社才四百来个劳力，顾了坝上，就顾不了坝下，牧业和副业就更谈不上了。,3
水才一听可冒火了：“谁稀罕你的东西。,3
1959年也是大旱，由于人民公社的巨大力量，栽了七十亩水稻，但是其中有十多亩因为等雨水栽迟了，亩产才一百斤上下；而用板田改种的六亩包谷，亩产也收到了一百多斤。,3
人家是一天将近两封信，我们是两个多月才一封信，谁还会弃之不顾呢？,3
电影才100年历史，再往下走，它会是了不起的一种文化。,3
人们记得，解放初宁波工农业总产值才4．17亿元，50年后的今天，国内生产总值已达1070亿元，进出口贸易额达50亿美元，人均国民收入已达2400美元。,3
如北京电机总厂有不少矽钢片下脚料，稍作加工就生产了民用小电扇，质量也好，每台成本才三十多元。,3
牟家前院是老费家，有个小嫚（姑娘），才十五，还没成人，美国强盗支着枪逼住她老爹，把个小嫚糟蹋到半死。,3
场长告诉我她叫刘瑛，今年才十六岁，北京第三女中的学生。,3
过了几分钟，3号、4号、5号车厢的列车员才从4号车厢的乘务室出来，每人手中握着一把扑克牌。,3
这样，厂里才于5月8日寄来一包剩余的衣料给我。,3
看到卷宗才大吃一惊。,3
在参加比赛的四百五十六名运动员中，十七岁以下的少年运动员有二百六十六名，最小的才十二岁。,3
现在，希特勒侵略者投降后才不过九年，罗马尼亚人民和欧洲其他各国人民就又面临着西德重新军国主义化和西德加入军事侵略集团的危险了。,3
这一年是1952年，朱彦夫才19岁。,3
参观了“小喇叭”的“书房”、“会客室”等几个屋子，我忍不住好奇地问主人：“你们家怎么才么几个人？,3
直到分区工作组检查时，才发现一个互助组也没有，有的只组织了半天就垮了台。,3
这次比赛由北京市海淀区工人文化宫主办，京、津、沪、穗等二十二个城市六百多名选手参加，年龄最大的七十多岁，最小的才八岁。,3
据该社王中林谈，他们才一开办，几个粮店就想联合起来挤垮他们。,3
在西德，每一个城市的面积都不大，人口也不多，首都波恩才三十万人，工业交通集中的汉堡也只有一百七十万人。,3
几十分钟过后，战斗结束，社员们浑身透湿，这才发现一个满身是泥的姑娘。,3
吉林省过去参加全国技术市场活动一个月仅成交四百多万元，技术转让才一百多万元；这次参展的头四天，仅技术转让即达八百三十八万元。,3
大黄指指身边的李小鹏说：“我们的年轻队员才16岁。,3
塔河地表水资源总量达到392亿立方米，而塔河流域才826万人口，灌溉面积133万公顷。,3
二十二兵团副司令员赵锡光担任石河子城市基本建设处处长，为了绿化城市，他早起晚睡，积劳成疾，逝世那年才五十四岁。,3
医疗部门有能力担负抗击非典任务王岐山表示，现在北京的注册医生有32000人，有资格的护士34000人，但真正熟悉呼吸疾病的医生和护士才不到3000人。,3
还有这一次，一座占地25万平方米、建筑面积2万平方米的厂房，从施工到建成才8个月，这在国外也是少见的。,3
也许在想“四害”横行时，去看望儿子，途中连喝口水也困难，粉碎“四人帮”才几个月，你看变化多大啊！,3
当社会的每一个人都有进行体育活动的念头和机会时，提高全民族的身体素质才不是一句空话。,3
重竞技运动管理中心主任马文广说：“城运会女子举重首枚金牌的争夺就这样激烈，说明中国女举的发展速度很快，悉尼奥运会这个级别的金牌选手总成绩才200公斤，而高伟这次举起了210公斤。,3
结果弄得有关人士又是查历史，又是找根据，证明确有此事，才使一场小小的风波烟消云散，还了历史的本来面目。,3
年纪才15岁的叶拉穆是“小孔雀”舞的领衔演员，临到上飞机，母亲的心脏病急发了，舅爷在舷梯上拽着甥女的小提箱不让走。,3
但是，在起了这网以后，船向前移动了半海里，才下第四网。,3
我素日工作循规蹈矩，小心翼翼，前怕狼，后怕虎，看不见群众力量，也看不见社会发展的光明前途，自然而然的步入右倾保守主义的堡垒，至事实已摆到面前才大吃一惊。,3
一家塑料制品工厂的总工程师“自定”的工资每月一千四百卢布，而一般技术工人每月工资才七、八十卢布。,3
一天，你也悄悄的告诉我要下乡了，我问你云儿才七个月，身体很弱，吃奶怎么办？,3
见到县委书记王友富，是在观音寺镇的抢险现场，才几分钟的工夫，王书记又接到电话，赶赴另一个抗洪救灾的现场。,3
那时，总铺乡只有零落的几个小企业，把砸石子的工人都算上，务工的人员也不足三百人，工业收入人均才几元，还不如养一只老母鸡。,3
成功的艺术作品，总能够在一些偶然的有限的具体形象里传达出那必然的无限广阔的内容来打动人和感动人，所以才“一以当十”。,3
按播种面积来说，去年全村种棉花二千一百亩；今年要按照国家计划，适当扩大一些，原计划种二千六百亩；最近一调查，把各社各组各户计划种植棉花的面积加起来，才一千九百四十亩。,3
正好，炼磺工人有的一天能出一百三十多斤硫磺，但有的才出一百一十斤，相差悬殊。,3
但是，人民的国家成立才几天，法国殖民主义就卷土重来，发动了侵略战争。,3
不错，像我们乡，才1万多口人，可乡机关干部就有一百三四十。,3
按照海南岛的气候来说，冬季最冷的1月份，全区各地平均温度很少到摄氏10度以下的；而夏季最热的7月份，平均温度也很少有超过34度的，只有临高和琼山两县的绝对最高温度，才到过41度上下。,3
张清华等与沿线的领导多次做群众的工作，才使一些思想不通的群众转了弯。,3
张国玉认为，从目前状况来看，全国实现经济自立的开发性科研单位才三百多个，要达到三五年内都实现经济自立的目标确非易事。,3
据埃及中央统计局今年4月发表的普查结果：50年代初埃及人口才2100万左右，至去年11月底，埃及人口已突破5000万大关，比10年前又增加1230万人。,3
从新名单中的人员组成来看，俄总理梅德韦杰夫先前宣布的要对政府成员大换血的允诺得到落实，新政府中最年轻的成员才30岁。,3
随父母来瑞典的孩子们纷纷登台献艺，表演钢琴独奏、现代舞、表演唱等节目，他们成了联欢会的主角，其中年龄最小的才7岁。,3
正是由于这种考虑，苏联才一再地提出和支持关于在巴尔干和亚得里亚海地区、波罗的海地区、中欧地区、亚洲及太平洋地区建立无原子武器区的建议。,3
我在南开大学时，便在天津一个女子中学里看过我的朋友丹妮用英文演《皆大欢喜》中的罗瑟琳，那时她才十七岁，后来成为有名的演员。,3
那年我才十一岁，个头还没枪高，却已是八路军冀中军区五分区游击二大队的少先队员了（后改成宣传员）。,3
建设用地浪费这样严重，最重要的原因是这些建设单位的领导人员和设计人员，以为我们国家很大，本单位才占用一小块，也不过九牛一毛，那有什么关系？,3
如扶绥县同正铅锌矿等十三个矿场，总共投资才一十八万六千元，预计每年可收利润一百六十九万四千多元，超过投资八倍左右。,3
浙江临海县项义品渔业生产合作社红头对船的春汛单位产量平均达一万零二百多斤，当地渔民互助组的平均产量只有九千三百多斤，单干渔民才七千五百多斤。,3
梁亮胜说，我深深佩服中国历史上和当代的一些杰出的政治家、思想家，通过学习他们的改革思维，我才举一反三，悟到了“补分哲学”……站立长江边，望着滚滚东逝水，我心潮起伏，不能平静。,3
厂长笑了，诙谐地说：“这位老师傅才十八岁哩！,3
5月30日又刮六级大风，同时降雨九十公厘，麦株才倾斜二十五度。,3
老帅还要挨批斗，我辈才值几个钱”看，她就是作者焦玲同志。,3
我国少儿艺术团首次参加便受到热烈欢迎，艺术团的17位小演员都是来自西藏自治区各地的小学生，年龄最大的只有13岁，最小的才10岁。,3
还有……狍肉……鬼子逼她带路……她不……杀了她……才14岁……”他身子猛然晃动。,3
正是有了他，中国才又一次获得了新生，使中国进入“邓小平时代”，开创出了民族振兴的新篇章。,3
柏垫人民公社建立才一年多的时间，在粮食生产上就获得了这样巨大的胜利，是公社党委认真贯彻执行党的“多种多收，高产多收”两条腿走路的方针的结果，是发动群众大挖增产潜力的结果。,3
其中一个才十岁的小孩叫胡月章，家里没吃的，跟爹娘讨乞到砀山城，被蒋匪诬为八路军的“奸细”，把他爹娘杀了，又把小孩关进牢里，已关了三个月。,3
如洛阳第一拖拉机厂项目的会签文稿，在有关单位，经过五个局，历时三十天，这个文件在一开始传出后，就不知去向，经过八天的查找，才在一个不相干的经济研究所找到。,3
回忆起地震发生时的场景，在厄瓜多尔中工国际工作的潘佳锋仍心有余悸，才20多岁的她从未想过有一天灾难会距她如此近。,3
那时他们才上二年级，就学了写“大丝瓜比我的小胳膊还粗呢”，“小丝瓜比不过大丝瓜，不好意思地躲在绿叶背后”。,3
赵河沙是湘沪线上的列车员，每过几天才回家一次。,3
整个西南从事地质工作和地质教学的总共才四十二人。,3
如同盖房子一样，必须从打地基开始，只有每一个村都发展了，才会有一个乡、一个县乃至一个地区经济的健康发展。,3
况且我们还太年轻，才八岁，向四十岁的老大哥学习正是当然的事。,3
北京市代表队十岁的男选手、小学三年级学生朱铮，学习游泳才一年多时间，就练出了良好的游泳技术。,3
有了好的奶源、好的支持、好的生产和好的研究，发展奶业的中国品牌才不是一句空话。,3
他一个月的工资才2000多元，养家供房，负担太重。,3
聂耳是在日本牺牲的，牺牲时才二十多岁。,3
图片江苏省劳模、扬州市宝应县曹甸镇76岁的老党员从才发，10多年来用自己创办的劳武炼锌厂所得的部分资金救助了8个村的150多名失学儿童，并自己掏钱为几所中心小学修建了校舍。,3
直至2002年，夫妻俩才一起去了台湾，可惜黄莘的父母都不在了。,3
骏马扬蹄啸春风——中组部等六部门春节慰问专家学者联欢会侧记骏马扬蹄啸春风——中组部等六部门春节慰问专家学者联欢会侧记本报记者　马利立春才三日，春风已拂面。,3
现在全国工人已基本上组织起来，第六次全国劳动大会时工会会员和其他有组织的工人一共才二百八十三万，现在只工会会员已有一千零二十万，增加到四倍左右。,3
光绪开埠，四夷竞入，梦几回沙软潮平、东方山色；中华才俊，八方驱策，争一片花繁叶茂、北地林壑。,3
1960年日本队首次来访，在30局中我方胜2、和1、负27，胜率才8.3%。,3
才只四个月的时间，安徽、河南两省在这方面的战绩，都是和祖国几千年历史完成的灌溉面积的总和相比拟；就全国来说，“四个月的成就等于四千年的一半”。,3
接着他就讲起，在医院里看护他的那个女护士叫小莲，才十五岁，他刚到医院的时候，因为伤口疼，吃不下饭去，把那小姑娘急得说：“你不吃饭，我也不吃啦！,3
近几年，全国新出生的婴儿每年1500万左右，而高等学校招收的本、专科学生每年才60万至70万，大体相当于每年出生人口的零头。,3
我慌了，赶紧往回跑，才一转身，脚下一沉就落进了冰窟窿里。,3
用太阳能发电有希望，使用1度电的价格为30欧尔（约合人民币1角6分），但是核电1度才20欧尔（人民币1角1分）。,3
反之，如泰恒纺织厂，工人最高工资才九斗米，最低的只有三斗多，学徒们一个月赚的还不够消费。,3
中国女子乒乓球队就是由于学了毛主席著作，振奋了敢于斗争敢于胜利的革命精神，才在第二十八届世界乒乓球锦标赛中“翻了身”。,3
才回来一星期，就有了眉目？,3
1981年夏我赴美国奥尼尔中心，途经纽约小住，才和唯一继承父业的周老的儿子少麟相识。,3
其中一位被一位牧羊人救了上来，她叫陶秀英，那年才十六岁。,3
冯广智本人多年来没有一套棉衣，尤其是冬天上夜班，冻的受不了，后来还是工会救济了他二十元，才买了一套棉衣。,3
她叫肖明芳，是湖北省公安县人，才17岁。,3
经营果树是个比较复杂的技术活，社员阎进保在果树分散经营时因技术太差，一九五二年他的果树才下了五十斤果子。,3
26年前父亲去世时，他才5岁多。,3
第一批返回大本营的是登山运动员穆炳锁和藏族运动员拉巴才仁二人，他们在7日登上顶峰后，以五个多小时就赶回大本营报告喜讯。,3
然而不幸中的大幸是，这部《围城》足以窥见作者大才之一斑却得以在作者早年完成。,3
今年订了合同，才三月底，按照合同规定，化肥就给了一半。,3
我们管理农村商业才几个月的时间，今后还需要不断改进工作，总结经验。,3
我们的社会主义社会，由于它能够依据对客观规律的认识，造成“有计划地生产和有计划地分配的有意识的社会生产组织”，人们开始做了社会关系的主人翁，也才“第一次成为自然界的真正的和自觉的主人翁”（恩格斯）。,3
据国家有关部门统计，二十多年来，全国才出现七头，生产奶突破十万公斤的奶牛。,3
正是为了这个缘故，他们才嗾使一个年轻的暴徒杀害了浅沼先生。,3
到4月底，各乡社的出勤率平均才到80%左右，水利、积肥、农具改革和大春作物的栽插进度也很迟缓。,3
康厝乡东山村缪其生一家八口，原来年人均收入才三百多元，搬到公路边后，同样种五亩地，粮食产量却提高了百分之五十。,3
李俊清今年才三十岁，干活是一把好手，可是要论起生产经验来，毕竟不是最在行的。,3
新到的报纸常常积压很久，管理人员才一起把它拿出来。,3
改革开放才十几个年头，我国虽然变化进步卓著，但是离我们奋斗的目标还差得很远，行程百里半九十，依然需要时代“纤夫们”的那种拚搏精神，需要“两不怕”，需要艰苦奋斗。,3
解放以来，特别是人民公社成立后，南韩继人同干旱的斗争才取得一个又一个的胜利。,3
直到我所在的高等学校发见胡风集团分子贾植芳的时候，我才大吃一惊。,3
去年，上海市国有资产评估共立项717项，确认344项，按136家机构分摊，每个机构才几项？,3
退田还湖　禽飞鱼肥　霍丘城西湖生机重现退田还湖　禽飞鱼肥霍丘城西湖生机重现本报合肥4月15日电　退垦还湖才一年多的安徽省霍丘县城西湖，如今已是烟波浩淼、鱼蟹竞游、飞鸟成群了。,3
自从遇到斗斗，我才从第一次婚姻的阴影中走出来。,3
1953年10月，罗迭开应邀来到朝鲜，金日成同志握着他的手，端详着，好一会才一字一句地说道：“你儿子发扬中华儿女的光荣传统，用自己的实际行动显示了志愿军崇高的英雄主义和国际主义精神。,3
进这个家门时才八岁的陈梅如今已长成为一个大姑娘。,3
现代预测学又称未来学，是本世纪四十年代开始在世界上创建的，引入我国才十来年。,3
纳米管非常细，5万个纳米管排列起来才只有一根头发丝那么粗。,3
爸爸沉默了好久，才吐出一句话：“我们的村庄没有了，我们的家也没有了。,3
，我思想上斗争也很激烈，有时考虑：我才二十二岁，正是长知识长身体的时候，还是晚几年结婚好；但有时与同岁的一比，觉得家里说的也好象有理。,3
他出生在白俄罗斯明斯克市，14岁进入莫斯科少年体操训练营开始正规训练，15岁进入前苏联国家队，第一次夺得全国冠军时才18岁。,3
分窝时，蜂箱内“嗡嗡”之声比平时大，并有部分蜂围绕着蜂箱飞舞，等蜂王出来以后，才一齐飞走。,3
无锡去年一年用地10多万亩，可是今年国家所批的建设用地指标一共才2．5万亩。,3
他们说：“丢下笔杆子才几天，竟然也闹丰产了！,3
他说：“才四点钟起来干什么？,3
他们多是20来岁的青年人，最小的才16岁出头。,3
刘文平说：“上级是为咱，不会要咱布，因去冬搞翻身没纺织，集上一尺布就二百多元，一斤花才三百元，要不好好纺织，今春就换不了季，咱的穷根也拔不了。,3
马家和是武昌县的少年特等劳动模范，今年才十四岁。,3
只是抬头纹多了些，这不是岁月的沉积——他才40出头呵，这是辛劳的刻痕。,3
黄跃民与葛春华恋爱7年之久才于1990年结婚。,3
也正因为如此，他们才一起来到了潘家峪。,3
河南伊川县吕店公社西河大队的温遂群，家有5口人，子女三个，大的才14岁，本人身体虚弱，爱人患有严重胃病。,3
顺着叶乔波手指的方向，穿过咖啡厅透明的玻璃，看到室内宽大的滑雪场内，才上午九点多，已经有不少孩子在玩滑雪了，他们脚蹬滑雪板，身穿防寒服，追逐着，嬉戏着，不时有欢声笑语传来。,3
技改前，生产一吨玉米淀粉成本达2100元，技改后生产一吨小麦淀粉成本才300元。,3
是啊，他才19岁，处在多梦时节。,3
敌人四个半旅，我们只有四个半连，真正能投入战斗的才二百多人……”万团长在窑洞门口向周副主席招手，把他叫出门外，悄悄地说：“各大队都在等着出发的命令。,3
大本营的海拔高度虽说才5154米，但除运动员之外，我们大多数人都冻得受不了。,3
第三件事，我刚从那位老工人家里搬进新房，才住上几个月，遇上火灾，一下子把东西烧得精光，人也没地方住了。,3
着地后，飞机又横冲直撞地在草地上滑行了一百二十多米，才在一块前面离一道防洪大堤只有两米、后面离一条深沟仅有一米的草地上停了下来。,3
而所有发展中国家（中国除外）一九七○年全年国民生产总值，才不过三千五百四十亿美元。,3
1984年3月1日党中央、国务院委托外交部，将恢复鸣放礼炮这一光荣而艰巨的任务交给武警总部之后，几经酝酿，才使这一任务正式落在他们肩上的情景。,3
一个风雪交加的清晨，陶依嘉抱着出生才几个月的孩子，准备到单位参加为民服务日活动。,3
中央政治局听取灾情汇报，他们一次也不去，一个也不到，反而丧心病狂地叫嚷：“整个唐山才一百万人口，全国有八亿人口，抹掉个唐山算得了什么！,3
原来，这位姑娘花480元钱在店里买了一套时装裙，后来发现同样的时装裙在长沙服装城才卖280元。,3
绿树林停车场一位司机，名叫欧肖，今年四十岁，家中一个老婆，三个孩子，最大的十五岁，最小的才十岁。,3
小学一毕业，就回乡抡锄把，从最基层干起，任公社书记那年，他才25岁。,3
我虽然不是干车工的，但是看到人家铁活有那么多刀具，而我们木工才一两种，太少、太落后。,3
我们起初颇不以为然，等到了深处，才发现一步一重天，步步都让人叹为观止。,3
十九岁的姑娘于芳，文化大革命刚开始那年，她才十一岁。,3
5月26日，任职才七个月的福拉尼政府被迫宣布集体辞职。,3
陈明石在溪头下村生活了一辈子，金门炮战开始时他才刚刚15岁，和村民们一起躲在山上的石洞里，却仍然受到炮弹的攻击。,3
但后来他算了一笔账，一只山羊才卖八十元，而一只小尾寒羊可卖四百至五百元。,3
技术革命开始了，这个才上过三、四年小学，跟电机队学了几个月电梯技术的青年电工马象梧心里想：领导上不是说不要迷信专家，迷信技术，只要有志气，有干劲，就一定能修好。,3
她说：“是的，按生理年龄，我已在向80奔了；可是按心理年龄，我觉得我才50出头。,3
小伙子才刚满二十岁，祖辈都是香港人，谈起香港回归，他总是眉飞色舞，兴高采烈，恨不得这一天马上就到来。,3
最近，爱沙尼亚共和国商业部副部长在《爱沙尼亚共产党人》杂志上发表的文章供认，只有共和国直属的城市才供应一点新鲜的和盐腌的白菜，其他地方根本买不到。,3
连第一突击小组在内，前后才十五分钟时间，王儒刚站住，敌军一个排长指挥着四五十个匪军，就向他反扑过来，对准他射击，并有两三个人已冲近来了。,3
旁边乾大脑和别两个社首赶紧劝说、圆转，过了半天，聚宝才一挥手，挺不耐烦地说：“@他妈的！,3
面对记者的提问，吴贯一轻松一笑：“就业不是问题，新桥目前的就业岗位是两万七，我们的居民总数才两万三；社会保障问题我们也解决得很好。,3
又谁知他死后才四年，他的那个家天下就出了大乱子：儿子和孙子厮杀，南京成了战场，终于迁都北京了事。,3
画册里收入了陈云同志1925年时的两张珍贵的黑白照片，其一是这年9月，他同上海商务印书馆发行所职工会执行委员们的合影，他那时才20岁，是这个职工会的委员长。,3
一九五○年，墨西哥全国小麦播种面积为六十五万公顷，每公顷平均产量八百公斤，按中国亩计算，每亩产量才一百多斤。,3
他从素来盛产优质地瓜的山东平阴进货，每斤才五六毛钱。,3
此时的邬世碧，已有了4个孩子，大的10岁，小的才刚刚37天。,3
回来后已快上自习了，于是端出脸盆来洗洗脸，拿出脸盆，才发现三天没洗的衣服还搁在脸盆里！,3
老方没有接受他们的请求，并指出：医院16户职工，每户人均住房面积才4.8平方米，最少的一户人均仅2.8平方米。,3
德国职业球员1080人，在5000多名球员当中才产生1名职业球员。,3
龙治普依然记得1999年初，第一次到张玉兰家调研时的情形，“住的是土坯房子，后院拴了一头猪，除了粮食，一年经济收入就靠一头猪，才几十块钱。,3
跑了二十多里路，找了四个商店，才买到一套理发工具。,3
每年冬季，南极洲上平均每两万平方公里才住一个人。,3
刘本仁总经理意味深长地给轧辊公司领导算了一笔账：武钢工人年平均工资乘上轧辊700来号人，才1000万元。,3
这才一正经做起活，还能不累，手打泡倒没啥，一回到家，这胳膊和腿，就不是自己的啦，躺在床上累得半夜睡不着。,3
接受再教育才一年半，怎么就“定型”了呢？,3
它整天价那么小心翼翼的，才咬住三只。,3
从铁托总统一月三日入院到他两次手术后基本恢复健康，一共才二十几天。,3
是时，保寿才26岁，也就不动声色，与岩崎死拼下去。,3
在路上，他算了一下细账：去赤水那次买粮，粮行价钱小麦每斗六万三，这次一斗才三万五千元。,3
当时，父亲才十几岁。,3
不过，这期间它食欲大减，往往几天才吃一顿饭。,3
东北电业局蓄电池厂青年工人卢耀庭在献金大会上说：“天下工人是一家，应该帮助，莫说才一天的义务工，就是五天也不多。,3
总理和市长一坐下，就向他们问长问短，还抱起才四个月的小毛头，让随行的同志拍了照。,3
访问济州岛的朝中代表在八月七、八、九日三天发出的电报，美方到十日才一起交给我方。,3
中国股市发展了10多年，才只有2万亿元的流通市值，现在要将市值扩大到5万亿元，由此需要的巨资将从何而来？,3
这些家庭的“演员”，最大的已经83岁，最小的才4岁，他们中有工人、农民、科技人员、教师、机关干部、解放军、工厂厂长、离退休干部和大、中、小学学生。,3
那年他才19岁，火红青春正在被病魔吞噬，他双目蓄满哀痛和绝望。,3
直到九月二十八日省商业厅检查工作的同志提出意见，他们才在二十九日执行。,3
守备队长贾士杰，今年才二十五岁，却已在西沙八个年头。,3
那时候，库斯坦奈州的耕地面积才四十公顷；今年，这个州的播种面积已经达到四百七十万公顷。,3
你胡兰姐姐十三岁那年参加革命，我当时也认为她小，十四岁她当了妇救会干事，干得满不错，直到牺牲时才十五岁，比你还小呀！,3
带队的女教师叫周丽蕴，今年才19岁。,3
马德先当时才二十三岁。,3
中国人民为了消灭帝国主义、封建主义和官僚资本主义在中国的统治，花了一百多年时间，死了大概几千万人之多，才取得一九四九年的胜利。,3
李通全给看狗人70元钱，才在6月17日深夜从厂里悄悄接出东方井村被骗的8名徒工。,3
他们有两个孩子，一男一女，都才十几岁。,3
而且，这种纤维中最细的型号1千米才23克。,3
他们都显得很年青，最大才十八岁的样子。,3
直到中午，悼念的人们才从八宝山陆陆续续离去。,3
我们的地球，从诞生到现在已经有46亿年的历史，而人类的出现不过一百多万年，人类进入文明社会就更晚了，才几千年。,3
喝声才一群一群回到猪圈。,3
例如，一九五一年毕业的学生张子林，今年才十七岁，现在是家庭的生产主角。,3
（骆英为河北省石家庄市气象局退休干部）　　王瑞蓉：　　跟党走，就有美好未来　　1949年，我才15岁。,3
它每隔100年才举行一次。,3
声明说，在修正主义阴谋家炮制的布拉迪斯拉发声明——它宣称要尊重平等和不干涉别国内政原则——签字后才几天，整个捷克斯洛伐克就被占领了。,3
正因为周启才一贯到处传授养鱼经，1980年，他光荣地入了党，以后，又被评为优秀党员、省劳动模范、全国农林科技推广先进工作者。,3
孔夫子说这话时才63岁，而袁隆平此时的年龄已经远远超过了孔夫子当年的年龄。,3
西流公社的包购任务一年是40来万斤，一年多的包购才够他一年养鸡用。,3
刘本刚同学13岁才上五年级，给我写信用的纸很粗糙，字却写得很工整。,3
十九岁的姑娘于芳，文化大革命刚开始那年，她才十一岁。,3
冠军奖金为40万元的应氏杯赛每4年才举办一次，是创办最早、奖金最高的世界职业围棋锦标赛。,3
这个纪录才保持三天，到12月23日，又被由二十岁的刘继龙、十九岁的刘德欣和十八岁的李昌伟组成的另一个跳伞队所打破。,3
在巡诊中，护士李芳第一次见到这群身世凄凉、活泼可爱的孩子，不禁勾起了内心深处的酸楚：自己才1岁时，父母就去世了，是吃百家饭长大的，从小就没有得到母爱。,3
这里每一百天才加一次铀。,3
当时，我的父亲中风偏瘫，卧床多年，我的孩子才4岁，爱人工作“三班倒”。,3
像十里河小学四年级学生王桂英，今年才13岁，家里就让她退学了。,3
他归附李自成才几个月就当了兵部从事，说明李自成一开始就器重他。,3
而实现理想，拥抱未来，都需要付出艰苦的努力，也许正是着眼于此，“现代奥林匹克之父”顾拜旦才在五环旗上写下“参与比获胜更重要”，“更高、更快、更强”的名言，诠释“过程重于结果”的道理。,3
中国银行驻加尔各答分行职员黄安其夫妇全家在12日被无故逮捕，他们五个小孩也不能幸免，其中甚至有出生才四个月嗷嗷待哺的婴孩也被关入狱中。,3
台湾省羽毛球代表队是一支年轻的队伍，最小的女选手吴宇红今年才十三岁，是参加决赛的一百一十七名运动员中最年轻的一个选手。,3
有一年，他因身体多病，加上工作忙碌，全年才作了五百个工分，比别人少五分之四。,3
访问最多的还有个妇女会主任周淑琴，她是个劳动英雄，才十九岁是个青年团员，她的劳动非常好，整天没有闲着的时候，地里活计家里活计干得都挺好，冬天还在地窖里纺线。,3
这种垫片的价格，每个才一分五厘钱。,3
笔者在台北期间，被邀请参加了由“志强路跑俱乐部”组织的一次公路越野赛，参加者有1000多人，男女老少皆有，年龄最大的80岁，最小的才10岁。,3
聂耳离开我们已经二十年，假如他活着，今年才只有四十四岁，他死得太早了。,3
建阳地区1984年收屠宰税一百零三万多元，真正用于畜牧业的才三十三万元；1985年收屠宰税一百万元，用于畜牧业的只有南平、崇安两县（市）共十二万元，其他八县（市）分文不给。,3
（开县）钢铁姑娘钢铁姑娘韩郁开县邓家乡跃进铁厂有个女看炉师，名叫何朝珍，今年才十九岁，个子不高，身体却结实得像小牛一样，和别人谈起话来，总爱比划着双手，不时发出一阵爽朗的笑声。,3
由于工作需要，中队的女兵入伍时大的十六七岁，小的才十四五岁。,3
牛瑞亮、贾轩的年龄分别是19岁和18岁，迈进大学才一个多月。,3
据不完全统计，80年代末，塔河流域的耕地仅有50万亩，现已达80万亩以上，而全河干流规划到2000年的耕地面积也才只有72.13万亩。,3
到1960年初，苏联全国集体农庄使用的电动机就达四十一万九千台，而1953年才只有九万九千台。,3
韬奋死时才五十岁，如果他还活着，现在不过七十岁，还可以继续为人民服务。,3
有一年他回去探亲休假，才住了三天，就接到团里电报，说有紧急任务，要他立即返回。,3
我计算了一下，去年我们村平均每亩耕地施用化肥量才合4公斤。,3
朱熹注的《四书五经》上、中、下三册，才22元。,3
况且，河曲县城有一些对外招生的电脑培训班，收费才100元，还包学会。,3
如开始有的经理听了特务的造谣，认为只要有钱就斗，斗争是平疙瘩割韭菜，讨论中根据本地实况，大家才一致认识到群众斗争那些讹诈人的恶霸、坏地主、汉奸等是合理的。,3
这些选手都是年轻学生，纪淑如才17岁。,3
入伍才四个月的宣正如，正在工棚里抡着大锤打铁。,3
法兰西大革命，一个资产阶级革命闹腾了七十年，我们的社会主义革命才几年？,3
但是，李贺还是不能考进士，只能担任协律郎那样的小官，郁郁不得志，死时才二十七岁。,3
可一个“呆”字把田桂芹心里说得那叫苦涩，“我才30多岁，身体又不坏，难道就这么真的在家里呆下去了吗？,3
河北省第二监狱一个被判处无期徒刑的反革命犯张进武，长时间他一直顾虑家中有个才几个月的小女孩，早已不在人世了。,3
今年上半年，全局运输部门直达列车的比重达到48%，创造了建局三十四年以来的最高纪录，比全铁路系统平均水平高出3%，为国家节省开支一千四百多万元，而本局的损失才五十多万元。,3
但铀沥青矿特别昂贵，居里夫妇只好购买铀沥青矿渣来提炼，他们花了四年时间，历尽千辛万苦，才从几吨废矿渣中分离出零点一克纯氯化镭，对放射性研究作出了杰出的贡献。,3
舅舅家的小孩才7岁，特别能撒谎，父母软硬兼施也改正不了他的这个毛病。,3
油锯手孙维兰今年才二十岁。,3
这样，在你周围才会有一群必胜的哀兵。,3
周南兴是无锡机床厂的四级检查工，今年才二十五岁，共青团员，是一个原来只有初中一年级文化程度的青年工人，但是他破除迷信，敢作敢为，三年多来集中了现场操作的技术经验，写成三本科学技术理论书。,3
新任党委书记来局才三个多月，在基层就跑了两个多月。,3
初次经历公共假期的我，因为没有提前储备食物，跑了很远的路，才在一家加油站的便利店里，买了一些面包、泡面之类的，勉强度过了3天假期。,3
收获《龙岩坡》作者何立伟1998年第一期李光辉随省委“农业学大寨”工作团下到湘西龙岩坡的时候才二十一岁。,3
解放后，办互助组和初级社时只搞起了运输、榨油、作豆腐、编织等十一种副业生产，总收入才一百一十四万元；高级社时，从1957年冬至公社化前，副业扩大到二十四种。,3
徐宜谦目前在县城开了一家汽车配件门市部，经营才3个月，已创销售收入11万多元，利润近3万元。,3
参与座谈会的英雄中，有一位是全朝鲜二十三位战斗英雄中的一个，叫洪民国，今年才十九岁，在最近一次战斗中，用高射炮击落了三架美国飞机。,3
比如，公司经理办公室统管基建、保卫、劳动人事、培训、文秘、公关、车队，这么一大摊子，总共才13个人。,3
当时开发区建立才一年多。,3
只有善于从别人的“事故”中找问题，查隐患，以别人之“堑”长自己之“智”，未“亡羊”，先“补牢”，才可能一路平安。,3
可经过一番对比，我却选中了价值才二十多元的上海版画册。,3
我看见了他鬓边的一束白发，也看见了那和他的快乐的眼睛完全不相称的皱纹、农庄主席才三十七、八岁，过去艰难的岁月，夺去了他的青年时代，却没有夺去他的钢一样的意志。,3
这座楼房竣工于一九八三年六月，至今才十年时间。,3
该组织成员福纳多的儿子在伊战中阵亡，他质问：“多少条美国人的性命才值一加仑石油？,3
钻在后面的那只老鼠，不知什么原因，才吃了一半，便再也不想吃了。,3
朋友说，我是上辈子烧过书店，才会一直做书。,3
他们刚刚学民乐时，小的才六七岁，大的也就十来岁，有的连一些民族乐器都没见过。,3
结婚时，老公的女儿才1岁，陈女士一直没有告诉她自己是她的后妈，女儿一直叫她“妈妈”。,3
可那时候《企鹅丛书》每册才卖六便士，精装特大本的也不出一个先令。,3
龙永图介绍，这些文件才100多页，但其附件有上千页，归纳了中国十几年来的谈判结果，需要进行大量的技术核对和法律认可等技术性工作。,3
刚刚有了小孩的李臣的女儿李冬梅说：“我爸中毒那年我才11个月。,3
9年前，郑培峰即将结束小学学业时，突然患病失明了，当时她才13岁。,3
我也没写完”，“我才写了一半”……，大家都嚷开了。,3
肇东镇公社民主大队一位老贫农说：“一块手表二百来元，我们农民不稀罕它，一个胶皮车气门芯，才几分钱，买不到车就不能转，就要影响生产。,3
妈妈看后大吃一惊：“怎么第一名才六十一分？,3
十二月四日，一艘载重五百五十吨的新驳船从船坞里驶进了黄浦江，这艘新船是公私合营了才三个月的新建船舶修造厂工人，用四十天时间造成的。,3
以前当村文书时一个月才340元，有时还不能按时足额拿到手。,3
正因如此，中国政府和人民才一直将军国主义分子和广大日本人民作出区分，从不将批评矛头指向日本人民。,3
有人曾以高薪聘他去当教练，而那时他的月工资才七百元，却被他一口回绝。,3
坐落在亚平宁半岛“靴跟”上的马尔蒂纳镇，面积只有342.9平方公里，人口才6万多，却是塔兰托省的重要城市。,3
但是半月才只一支歌，嫌少了些。,3
）因邢市市民对土靛还不习惯，开始注意了宣传工作，如提出：“使用洋靛是帝国主义对我们一种侵略”“土靛染上不退色，染价便宜（煮青每尺三百五，，土染双青才三百元）”等。,3
我们是今年初挂的牌，才5个多月时间，现在辽宁省的市场已经走遍了。,3
解放后才三年，从学校中输送出去的同学们已卓越地工作在祖国大小的河流上；但是太少，明年、后年，还要更多地输送。,3
妈走进屋里，直往外探头，听着女儿清脆的声音，流利的语言，虽然听不清说什么，但她知道女儿讲得好，要不，这群姑娘才不会一个个聚精会神，瞪大眼，刷刷写字哩。,3
南珠市场成衣摊投标才一个多月，不少人就转让了摊位。,3
池塘养鱼，一般亩产500公斤以上就算高产，大水面养殖，亩产才几公斤、几十公斤。,3
钢琴用料讲究，木材利用才30%，余下的可制新潮家具。,3
才11月初？,3
7月上旬，是毛豆采摘的季节，万载市场上的普通毛豆才四五毛钱一斤，而有机毛豆在田头的收购价是1元钱一斤，收购者改换一下包装，就立即出口到了美国。,3
其实，大虾并没有成双成对而居的习性，只是交尾的时候雌雄虾才在一起，平时都是杂居。,3
但是，金山人看到当时世界乙烯年产量已达5220万吨，而我国年产量才165万吨左右，每年国家需花费60—70亿美元进口大量乙烯合成材料，价值等于3套30万吨乙烯装置。,3
广州市生产的禾镰，每把成本要一元七角多钱，而市桥禾镰每把才七角多。,3
他们说：生产一个大圆锯片十二道工序价值一百二十元，做一把小旅行剪三十五道工序才几角钱，不合算。,3
这帐把大伙算服了，又编了好些找水歌谣，发动大伙互相帮工，这井才一家一户打成了。,3
杜莉萍坚持叫她不要买果子露，并且耐心地再三劝说，最后老太太才买了一包牛奶羹回去。,3
出口数量也随着增加，去年全年才出口三万余瓶，今年上半年出口量就达三万余瓶。,3
那时我才十四岁，还不大懂得革命的道理。,3
1971年他才十九岁时，他的父亲老杜瓦利埃死去，他继承了海地总统的职位。,3
当年夏衍才40出头，穿一身并不显眼的西服，常常外面罩着一件风雨衣，跑东奔西，忽来忽去，忙个不停。,3
一九六六年他爱人死后，留下五个孩子，最大的才十四岁，当时还有病。,3
他讲的也不无道理，人活60为一个花甲，而后从头算起，不是才15吗？,3
过了好几个月我才借到一本两个英国人写的小册子“苏联的新遗传学”，看完以后，使我将信将疑，相信的是那么许多新的结果摆在我的面前；怀疑的是该作者们把新遗传学批评成为一种没有经过精密研究不很可靠的理论。,3
下放以前，他在工作上还常常挑肥捡瘦、轻视平凡的劳动，一心想做高深的、复杂的研究工作；这才一年多的时间，孤芳自赏的知识分子竟然放下架子，有了劳动人民的感情。,3
农民邒盛才一家五口，有一年因患痢疾四天之内死去三人。,3
他豁达地说：“我今年才38岁，正是年轻力壮的时候，有些家庭，孩子上学，父母又年纪大，还有的家庭连房子都被水冲没了，他们应该多得到一些援助。,3
一见大字报说他是右派，才大吃一惊。,3
有几个真心来此寻访世外桃源跳出人间是非的青年学生，才一落座竹榻，门外“袁大头要么？,3
市纪委一直拖到1987年6月19日（距发案时间三年整）才作了一个“让李武起在公司党委扩大会议上作检讨，总结经验教训，下不为例”的“处理”。,3
那时我才3岁，总是跟在他的身后，穿行在移民小镇的香蕉树间。,3
黔江县水市乡，海拔1200米，是典型的高寒山区，也是有名的贫困乡，人均年收入才126元。,3
正是在肥沃的群众体育运动的土壤上，体育新苗才一代接一代地茁壮成长，顺德县的群众体育活动就是广东省蓬勃开展群众性体育活动的缩影。,3
目前南沙的西南渔场可捕量为28.8万吨，而且名贵鱼多，现在的实际捕捞量才几万吨，而其他渔场普遍存在过度捕捞现象。,3
制定这一标准时，国家领导人的工资每月才400元左右，所以当时绝大多数人都达不到个人所得税起征点。,3
《全唐诗》光盘软件开发人尹小林说，古籍电子化的一个制约因素是缺乏理想的中文操作平台，国标一二级字库才6763字，而《全唐诗》有1万多字，因此不得不补字、拼字或用代码显示。,3
当时，我虽然才十几岁，但是他已经成为我心中的偶像。,3
而中国近年来则呈下降趋势，1992年是19．9亿元人民币，1999年以后就一直在10亿元人民币以下徘徊，这等于平均每人好几年才去一次影院看一次电影。,3
除博士生导师外，我们也有40多岁的教授，有自己培养的3名博士后，有的才30多岁。,3
只见他用手一挥，潜望镜又刷地降下，从升到降，总共才几秒钟，只用了训练大纲规定的“优秀”标准时间的一半。,3
这样工会经费就未能按期交纳，去年十月下旬才交八、九月份的工会经费。,3
小分队的孩子最大的12岁，最小的才3岁。,3
现在，王明娟的目标已经直指雅典奥运会，人们有理由相信王明娟说的决不是戏言，毕竟，她才只有16岁。,3
不过，蔡树祥夫妇下塘捞鱼时才4点钟。,3
10天前，这对夫妇才4个月的女儿被乳肝、败血症折磨得奄奄一息，许多医院不敢收治。,3
贾谊年轻时有才名，20岁左右就被任为博士（博通古今史事，备顾问之官），后升任太中大夫（担任议论的官职）。,3
1980年，她才十七岁，正在乌鲁木齐市第十六中学读书，身高已达一米七七，并且表现出良好的身体素质。,3
金苹果”的滋味县科协秘书长成国正当年也属“引进”之才。1984年他一腔热忱刚来宁蒗，眼前的景象让他生疑：这么落后的地方，发展得起来吗？,3
石明三不等他说完就躲着走了；到了事务处，见桌子上放着个酒壶，一股一股的香气往鼻子里钻，他知道这是给英雄和模范准备的，自己耐着性子，才一回头想走，见锅台上放着半簸箕花生，顺便抓了两把就出去吃。,3
叛徒才一回头，费德烈手里的枪就响了。,3
在中国共产党的领导下，全国人民经历了不断的前仆后继的战斗，克服了无数的险阻艰难，从旧社会走过来才不过三十年，我们不能再走回头路了。,3
最后才在一棵柳树下发现他们的尸首。,3
加德满都—科达里公路正式开工才十八个月就全线粗通，不到四年就全部竣工。,3
但是这个泉几年才喷一次。,3
有一次，我陪毛主席参加他们的支部大会，坐在边上，胡耀邦那时很年轻，才22岁，说话很有条理，毛主席就问我这么小的是谁？,3
一次站里进来一批花布，在县里两个商店的柜台上摆了两个多月，才卖出几十米。,3
八年来闻氏就未穿过一件新衣服，火葬前由联大校方帮助才买了一件蓝色大衫。,3
一些大企业资金成本才3%、5%，我的资金成本超过10%，投资当然慎之又慎。,3
经过中国、越南、朝鲜、阿尔巴尼亚和日本代表的共同努力和反复斗争，苏联代表才在二十六日的大会上被迫举手通过了这个决议。,3
我们现在才四十多岁，我希望不要叫我们“老工程师”，我们还不老。,3
温州市之所以开展助廉活动，大概也是因为在实践中先“吃一堑”，才“长一智”的。,3
华盛顿的紧张气氛绝不是从什么美舰遭到袭击产生的，因而在八月四日下午六时以前华盛顿无紧张；华盛顿的紧张是从它决定根据谎言进行冒险产生的，因而才在八月四日下午六时以后华盛顿出现了所谓危机气氛。,3
林育生追求的庸俗的幸福生活是和她联系在一起的，只是当伪造的医院证明书被揭发出来后，林育生才像一面镜子似的照亮了夏倩如的面目，使她从爱人身上看到了自己可怕的未来。,3
王希臣才十七岁，他的灵敏与努力，使他五个月内，已经变成了一个熟练的吉普车的驾驶员；开美国十轮大卡车的曹俊峰，过去是个警卫员；汽车大队政治委员王家尧，在工作之余学习技术，现在已经是一个熟练的司机了。,3
还有那碗酸菜鱼，我们本不想要，女服务员反复动员我们要，并说一碗才50元。,3
真理报”写道，蒙古出现争取“社会主义劳动队”称号的运动到现在才一年多，但是，这个运动已经成为全民性的运动，数十万劳动者都投入了这个运动的行列。,3
如果论资排辈，前者是无可争议的第一候选人，但在研究上报合适人选时，党委却一致决定上报后者，宁可空着位子候良才。一石激起千层浪。,3
新加坡人口才260万，面积600多平方公里，有无必要耗巨资兴建这么大的工程呢？,3
前锋亨利才21岁。,3
南部每公顷林地的产量是一百三十方木材，本世纪初才只有五十方。,3
才变成一片不毛之地？,3
对越自卫反击战中，他才二十岁，已经是某部副连长。,3
这些矿工年龄最大的五十四岁，最小的才二十二岁。,3
我的第一篇“处女作”是登在一家市级报上的一篇“读者来信”，加上标点、标题也才80个字，但从这篇小稿的发表我得到了启示：写稿要有“感”而发，为写而“发”是很难写出真情实感的。,3
他儿子王绍南，是前年回到农村的中学生，今年才二十四岁，比父亲高半个脑袋，有着黑油油的皮肤，带几分稚气的面容。,3
我也再三要求当地党组织把张健留下来，当地的领导同志说：“张健才十五岁，等长大了再来吧。,3
其实我觉得去的人太少了，才去一万多人，零头儿还不够呢！,3
它的首都卢森堡市人口才8万刚过头。,3
因为工作离不开，他进藏24年才休假5次，每次都是按时返回，从不超假。,3
这位才上高一的小姑娘在学业之外对于英语和课外阅读有着浓厚的兴趣。,3
傍晚，才到一座古镇，名松潘。,3
我国人民正是在党的基本路线的指引下，坚持无产阶级专政下的继续革命，才一次又一次地打退了资产阶级的进攻，在文化大革命中粉碎了刘少奇、林彪两个资产阶级司令部，巩固和加强了无产阶级专政。,3
新疆解放那年，她才五岁。,3
深圳市委常委、宣传部部长李小甘指出，以色列人均年读书64本，中国人均年读书才4.6本，深圳即使有6.8本，差距也很大。,3
这种场合四年左右才出现一次，记者就想去看看议会里是个什么情况。,3
《防止及惩治灭绝种族罪公约》是美国加入的第一个主要国际人权公约，美国于1948年签署以后，经历了整整40年才于1988年批准。,3
有谁想到，王一飞一家三口，在上海的住房才九平方米。,3
他开始弹琴的时候，才四岁。,3
这些从空军某部选拔的十一名跳伞员，最大的才二十二岁，最小的只有十六岁，大都是今年入伍的新兵。,3
最小的李晓燕才10岁，就是觉得水球好玩，非要改行。,3
车票才200元，抢票软件却要加价62元。,3
头一次，朱德才十岁，那两房丁家地主里，有一房不要朱家种地了，朱家没办法，只好把一家人分成两半，叫朱德跟着伯伯和幺叔搬到大湾的老家去，借了两百多吊钱，赎回一些典当地来过日子。,3
也不知道经过多少艰苦的思考，反复的研究，问题才一个个得到解决。,3
经济总量迈上10万亿元台阶，表明我国综合国力进一步提高，经济建设的物质基础更为雄厚，经济实力今非昔比，现在，我国一天就创造国内生产总值270多亿元，而1952年全年国内生产总值才679亿元。,3
说干就干，全社总动员，上山苦干、猛干，同时提取公共积累和发动社员投资，几下里齐头并进，结果，才四个月，就凑起了近百万元。,3
一对年轻夫妇（丈夫二十一岁，妻子才十七岁）有一个三个月的婴儿。,3
只是在用尽了这些无耻伎俩之后，美国的诽谤案才在一月三十日的政委会上获得了美国在联合国投票纪录中最少的多数而勉强通过。,3
直至3月1日当天早上投票，“才一齐被游览车送到各议会门口”。,3
治淮才一年，庄稼已经长的很好了。,3
伍豪之剑伍豪之剑峻骧八、在老悦来客栈来的这个姑娘，是傅书堂同志的大妹傅桂兰，今年才二十岁，自幼在老家高密县德国人办的发网厂作工。,3
这次参加网页制作竞赛的最小选手年龄才八岁半，是网页制作最佳最小年龄选手奖获得者。,3
就是前年，咱这儿的花生最高价格半公斤才一块五，猪肉每公斤三块四……再说，现在谁还敢乱收税、乱集资？,3
办社之前的一九六二年，这里十六个部落的牛羊总头数才不过七千多，而且大部分集中在牧主手里。,3
晚上，他大半夜睡不着；才一合眼，就又去参加“小麦倒伏的斗争会”。,3
图片恭贺新春（篆刻）朱毅江万象更新（篆刻）许若石寻味峄山寻味峄山李木生海拔才582.8米，占地仅6平方公里，和五岳的巨大存在相比，守护于孟子故乡邹城的峄山，只能算作天地间的一个盆景了。,3
社员杨子昂的妻子是个小脚妇女，虽然才三十多岁，可是平日没有参加田间劳动的习惯，社里插秧忙不过来，孙翠荣便再三去动员她下地。,3
我们党也正是靠这一条，才从千难万险之中夺取了革命的胜利。,3
凌均峰于1995年下岗，爱人以前在衡阳探矿机械厂当技术工人，也下岗多年，去年赴广东打工，小孩才3岁，全家的日子过得紧巴巴的。,3
武钢的厂房钢结构才1.8万吨，宝钢是14.8万吨，主焊缝加起来45公里长。,3
小皮虽然电大毕业，可连个车间主任也没当过，恐怕……”“才30岁出头，光听他白话不行。,3
来信者中，年龄最大的90岁，最小的才13岁。,3
西南部山区的固镇，1982年人均收入才一百多元。,3
不过，平台上有作业的人员包括服务人员总共才424人。,3
孩子现在11岁半，只上到小学一年级，由于营养不良，他现在的体重才22公斤。,3
老薛的果园主要以富士、秦冠为主，2002年苹果收入1万多元，老薛说：“那些落级果没办法处理，大都论袋论堆卖，一袋才几毛钱，最后好多都烂在地里。,3
在领导的再三催促下，1979年才养了四头母猪，80只老鸭，年终分配时减免了农业税，人均纯收入只有51元，欠国家贷款13，000元。,3
首先看看人工培育药材的可怜景况：园参的主要产地抚松、辑安两县1930年园参产量曾达到六十八万斤，但是1955年全省产量才只有十五万斤左右。,3
生平结识的朋友不计其数，而感到“常惜深谈易歇”的才十几位，不能不说是极少数；剑三却是极少数中的一位，所以我在这里要特地叙明，在他谢世已经二十五年的今天，我仍然忘不了与他历次的深谈。,3
黄渡区方泰乡乡干部陈学林说：“土地改革才二、三年，杨家联合村已有三户把田卖掉了。,3
河南省密县大隗供销社贫下中农管理农村商业委员会教育子女是为了巩固无产阶级专政教育子女是为了巩固无产阶级专政解放军某部家属　郎元臣把教育孩子当作国家大事我有三个孩子，大孩子小莉十岁，小的才四岁。,3
和我们谈话的贝卡克就是全厂最年轻的斯塔哈诺夫工作者，他才二十一岁，领导着十八个青年工人。,3
她那时才十五周岁，是中国共产党的候补党员。,3
美苏经过长期争论和讨价还价，才于1972年5月就召开欧安会问题达成协议。,3
如今练太极球的村民最大的70多岁，最小的才十几岁。,3
这项运动对身体素质要求很高，但在湖南队的报名表上却有个才11岁的男孩，名叫胡冰。,3
十五年前，北京崇文区的一个工人家庭里，五个兄妹由于父母相继因病逝世，成了孤儿，最大的只有十五岁，最小的才三岁。,3
他才于7月10日前去登记，并承认从今年初起接受利比亚政府22万美元的“贷款”。,3
学生花名册浸润着田园风情：袁天仁，袁耒耒、袁有存、乔喜云、何麦香、何苗香、何买牛……这里普遍上学较晚，袁天仁十六岁才上四年级，而比他大两岁的我高中毕业当老师，城乡差别显而易见。,3
经过9年的痛苦磨练，孩子大了，她才于1957年恢复工作。,3
从解题策略上分析，实验班答对的87%学生中只有一位同学是先做加法口算，计算结果为42，再想一想乘法口诀才写成6×742。,3
虽说我们这个公司的股票金额为450万元，但成立才3年6个月，却向国家缴纳税金1172万元，相当于8个天桥百货商场。,3
几年来在广交会上，外商早就提出：飞天牌平绒才三十六英寸宽，太窄了；外商希望买宽幅的。,3
大家又笑了一阵，老吴这才一五一十地把手捏墩苗的办法，详细告诉了她们，荣桂又笑着大声说：“大伯，你可得把这法子教给俺们呵。,3
洪学智和彭总心里这才一块石头落了地。,3
某师一个参军才不到三个月的女宣传员何秀芳，在部队这种热情鼓舞中，带着两脚泡坚持行军没掉过队。,3
李志田　才五斤？,3
当她听到要扩充反攻军时，自己就下了决心，要送她男人去从军，她男人今年才二十一岁，是个好民兵，两个人感情好到一天也离不开。,3
托人找到关系每公斤才卖到0.94元。,3
这样，社会主义精神文明的建设才会有一个牢靠的、不可动摇的基础。,3
据说，有一名选手参赛才20分钟，居然因为故意输一球，就接受了4万林吉特，相当于企业经理一个月的月薪。,3
阿尔巴尼亚人民只是在伟大的苏联击溃法西斯的胜利条件下，在阿尔巴尼亚劳动党的领导下，才在1944年获得了彻底的解放，得到了真正的独立和自由。,3
（恩格斯：《俄国在远东的成功》，《马克思恩格斯选集》第2卷第37页）马克思在一八五七年指出：沙俄“占领当今中国统治民族的故乡——黑龙江两岸的地方，才只有几年的时间”。,3
半天，运成妈才吐出一句话：“都是我的错。,3
（附图片）黑老汉成了英雄彦夫（一）张长义是三十八团七连四班的一个新战士，今年才二十一岁。,3
以国际范儿，展国家战略，赢百姓欣悦——大国崛起、奔向全面小康社会背景下，才举办十九载就已有世界影响力的中国上海国际艺术节，借十九大东风再启航，未来，还会更加红红火火。,3
科教兴国，世称惟楚有才。几度战胜洪水，武汉人以同心合胆、御灾撼患而誉满九州。,3
也只有在这个“语境”下，这些绣品才不是一件件简单的静止的作品，而是充蕴着灵性与生命力的活的东西，包含着大量的信息。,3
新中国成立的时候，我才八、九岁，还是个不懂事的孩子。,3
我们的志愿者队伍中，最大的年龄57岁，最小的才十几岁，基本是‘蓝二代’。,3
漳州原“法轮功”练习者、天宝田寮村村民高其万和芗城区通北街道办事处退休干部王清森认为，自焚事件是李洪志一系列歪理邪说造成的恶果，才十多岁的少女，懂什么天堂，这样受骗自焚，简直惨不忍睹。,3
检察官指出，“被告在革命以后才四天，就背离了这条路线”，企图“破坏人民的意志”。,3
别看大娘写的这张批判稿总共才十多个字，可她整整花了四个小时！,3
过去为了从一个时代到另一个时代需要几世纪的时间，而现在自从天空按照苏联人民的意志出现了第一个明亮的卫星以来才一年多点时间，就在星际飞行中已完成了第二个重大的步骤了。,3
但是，差不多四十年以前，就在高婆婆才二十多岁的时候，她倒曾经耽心地给自己作过防老的准备：她打了一付小小的金耳环，贴身收藏着。,3
他用急切而恳求的口吻对洪鑫说：“医大一院一位叫陈科的老人突患白血病，急需用A型Rh阴性血液……我知道你刚献完一次血才十多天，真不想来找你。,3
山多地少，平均每人水田旱地一起才合有一亩半多一点。,3
我回到故乡时才十一岁，只在福州城内外看过“三山”，看得少又写不出来，辜负了故乡的山山水水。,3
一直快到日落西山，进景区游玩的人出来了，我们才一起吃晚饭。,3
他今年才二十四岁；十三岁参加革命，而从事部队美术工作就有十年多了。,3
反季节菜莫种过头反季节菜莫种过头编辑同志：近日笔者在当地集贸市场上买韭菜时，吃了一惊：每公斤韭菜竟卖到1.6元，而笔者记得去年冬天，包括元旦春节期间每公斤韭菜只不过才卖1元。,3
党支部书记张喜录才二十五岁。,3
汪文洋今年才二十几岁，已经在杭州微笑行动慈善医院工作快6年了，经常到外地给患者做手术。,3
我说：“加一次水才几角钱，好辛苦呢。,3
中文教室共有10名小朋友，最大的13岁，最小的才3岁。,3
1937年11月间，光金才十二周岁的时候，就到石景山发电厂做临时工了。,3
我最后想说这一句话，我才26岁，今后的路还很长，我还要凭自己的一条腿，走今后的路。,3
这张大字报使一些有保守思想的人吓了一跳，他们说：“这是具有六十年代先进水平的新设备，投产才八个月就要改造，真是瞎胡闹，放大炮！,3
嘉山县石坝公社农科队三位青年农民技术员，1980年和制种户签订了承包制种的合同，结果杂交稻子亩产平均达到144斤，而过去平均亩产才50多斤。,3
他现任内蒙军区骑兵某部的团副参谋长，今年才二十三岁。,3
当然新中国的诞生才只有七年，限于目前的财力，不可能一日处兴，建设大计自应先其所急，后重所缓，而我认为南运河的整治是应属于先重急一类的。,3
时间才仅只一年，世界形势的发展，已经充分证明了中苏友好同盟互助条约对保卫世界和平有了巨大的贡献。,3
问：很多人都不理解，您决定写第一部皇帝小说时才30多岁，怎么会对那个时代的历史沧桑把握得如此准确？,3
车站在开家长会时，叫一个八岁才上学一个月的学生演习写字（写十五个），别的学校也同样叫学生写字，拿回叫家长看，校内设成绩展览处等等，来转变对学校的认识。,3
因为目前在国内汽车市场上，每年进口车才4万辆左右，相对于200万辆的汽车市场来说，仅占2%。,3
这几年图书年入藏量大增，“文革”期间的前几年每年在一二十万册之间，后期的1976年也才30多万册，1985年则是70多万册。,3
干部真心真意、全心全意为群众服务，群众才会一心一意跟你走。,3
1991年，她还荣获浙江省“检龙杯”青年歌手大赛特等奖，并成为团里的台柱子，而那时，她才16岁。,3
我认识一位青年，他才写了一部中篇、两个短篇，竟然收到了五六家报刊的约稿，让其撰写“我怎样成为作家的”文章。,3
这里有一笔帐：建国以后到“六五”末，林区为国家提供的木材达40亿立方米，由于没有合理的林价，造成900多亿元以上的资金没有得到补偿；而同期国家返回营林的各项资金才200亿元，两者相差700亿元。,3
这位毕业于东北师范大学的教育学硕士，辞别了新婚才一个月的妻子，义无反顾地踏上了赴晋的火车。,3
这种天文上的奇特景观据推算平均大约百万年才出现一次。,3
当时，马秀娥才三十四岁，上有年迈的婆婆，下有三个未成年的孩子。,3
包拯在开封府任职不过一年零三个月，苏东坡在杭州任太守才一年半时间。,3
李连增和老伴的工资加起来才1600多元，可他说：“王喜义下岗了，几千块钱的医疗费无力承担，他比我困难。,3
满打满算，全所才只有8个中国人。,3
孩子才6岁多，去远处上学不放心，便就近联系定福庄四小。,3
他今年才27岁。,3
当时我才24岁，头一次见到这样的卡车。,3
我发现自己光顾拿大麻袋装知识，满以为政治思想上变不了，这才几个月功夫，脑袋瓜就转向了，连路线都划不清了，这还不是已经在变了吗？,3
1972年，粮食亩产只有140多斤，棉花亩产才30多斤，全县有20多万头牲畜因缺饲草被迫到沙漠边缘流动放牧，造成大批死亡。,3
休假在家，我和爱人在公园里散步，看着头发花白的老头老太太散步、遛狗、逗鸟，我想，我才48岁正逢中年，这种生活不是我现在想要的。,3
这时，才刚刚七点。,3
中国队开场才3分多钟便在一次定位球防守中出了漏洞，被阿根廷队11号罗德里格斯头球破门。,3
我想起了在31日夜到孤寡老人刘太婆、徐太婆家时，看到她们的煤都只剩下几个了，她们每月生活费才60多元，无儿无女无依无靠，这么大的雪肯定会受冻。,3
此前，北京儿艺一年演出200场，收入才100万元。,3
但是，我从来没打过这个号码，因为我们想要的，政府都给我们想到了，而且，从企业破土开工到现在才6个月，县委书记主动到现场来了20多次，我还需要打电话吗？,3
你瞧瞧，国棉一厂建厂才几年呵！,3
他听后说：你们那里农业人口才4万户，而城市人口20多万户，可见农民不是主体，土改晚些搞也没关系，要紧的是先把党的工作、工会工作、工业、公安、支前工作做好。,3
这些小京剧迷都是14岁以下的少年儿童，最小的才4岁。,3
这时我们才发现三鲜馅、中国特制水饺粉，加上精心烹调，连我们都觉得好吃，难怪瑞典朋友赞不绝口呢。,3
在议会中赞成和反对两派长达两个多月的激烈斗争过程中，这一法案遭到了反对派占多数的参议院两次否决；直到12月18日，社会党议员居优势的国民议会才予以三读通过。,3
经过上述几次反复的程序后，省建设银行才于九月二十八日正式批复，逐级下文。,3
他才三十六岁，正是年富力强，可以为人民大有作为的年龄。,3
怎么一公斤4角钱的成本，才卖出1角的价钱？,3
访问团的42位小朋友平均年龄16岁，最小的才10岁，分别来自汉、回、藏、维吾尔、苗、彝、壮、朝鲜、满、白、土家、畲、达斡尔、俄罗斯等14个民族。,3
而去年她的售棉总收入才600元。,3
但艺术的奇迹也在这时出现了：正是在魁格舰长作为人的缺陷被充分揭露出来因而精神近乎崩溃的时候，他才作为一个值得我们理解和同情的人出现。,3
从此，我家的生活才一天天好起来。,3
1980年该厂净得利润12.4万元，1981年增至26.9万元，而该公司1981年的利润才14万元，“幺儿”的利润几乎为“老子”的两倍！,3
他说：“鲤中街道办事处现任书记李建辉今年才35岁，但阅历丰富。,3
才几夜工夫变幻，这个世界全部刷上了浅白明快的色彩。,3
德格县副县长根呷说：“在国民党统治时期，我们要求了十几年没有办到的事，现在解放才一年多，人民政府就给我们办到了。,3
他们在冠军到达了10余秒钟后，才与第二集团一起蜂拥而至。,3
看来一个坟头才占了3厘来地，合起来，可就不是一个小数字。,3
那时候，她才十岁。,3
手足兄弟　抗日战友　　“父亲牺牲时，我才4岁，因此对他没有什么印象。,3
这样，才使一二九运动发生，并使之在全国各阶层开展起来，形成了全民族救亡运动的巨大政治力量。,3
但实际上武乡县社供给全县水车才二十四架。,3
我年近七十，他才三十一。,3
这个批判给了我很大的教育，从那时起，我才一方面警觉自己对祖国历史愚昧无知，一方面开始认识到，我们电影工作者处理历史题材，如果没有正确的立场、观点，违反历史唯物主义，其危害有多么严重。,3
有趣的是，透过他收藏的中国餐馆菜单，40年代的物价水平一目了然，例如炒面一碗才65美分。,3
组员邢玉柱说：“过去十斤麦子才买二尺布，现在能买四尺。,3
现在农民到市场上买圆竹、檩条不需要办任何手续，随去随买，每斤才1角8分钱。,3
走了几十里，才在一个叫作石儿？,3
他告诉记者，“四保临江”战役时他才15岁，但对战役的艰苦，先辈们英勇奋战的情景却记忆犹新。,3
一个中年妇女告诉我们，她的丈夫在前线作战，三个月才回家一次。,3
当年入队的孙志峰现在才20岁，已是“元老”，今天获得女子第五名。,3
而在泰国，即使在普吉岛等旅游胜地，椰子的价格也才6元人民币左右。,3
大家记得，在六十年代中，当美苏放空气要举行核谈判，以“限制”战略武器的时候，苏联的洲际导弹才只有二百多枚。,3
她每碰一下杯才喝一口的认真劲儿，让我们看了既可爱又好笑。,3
他们中间最小的才二十四岁。,3
陪我们一起参观的女工尹华福，才二十岁，看上去是那么温柔的一位姑娘。,3
在散打表演中，武艺高强的杨武是一个才23岁的新民警。,3
别看她才28岁，这个农家小院经她跟公公、婆婆整修改造，已经成了游客们入住、就餐的热门去处。,3
随着经济的持续快速发展，这几年我国的消费信贷发展很快，5年前才147亿元，去年已达到了1万多亿元；在信贷总额中的比例，从3年前的1%提高到去年的8%。,3
我到达智桥商店以后，有一天，一位售货员卖菜回来，生气地说：“老叫串偏僻胡同，一条胡同才卖几毛钱！,3
刘秀敏最大，才二十一岁，最小的有三个，都是十七岁；孟美瑞是高中毕业生，其余的人，有三个初中学生，两个高小毕业生；两个男青年，四个女青年。,3
是呵，季节总是在我们身后一闪而过，历史的碎屑散落一地，只有踏上这片土地，我们才从一只只无言的花圈上，感受到生命亘古的悲壮，感受到有一种比山比岩石比雷霆和风暴更沉重的东西压上肩头。,3
请看，世界几百年，中国几千年才出现一个，这哪里是出现了领袖人物，简直是神仙下凡！,3
他就粗暴地说：“你当委员才几天，就变了样，你没想想当初是谁推选你的？,3
元洪公路从宏路镇至县城才10多公里，就其路面设施之现代化，驱车只消几分钟。,3
我丈夫嫌民办教师工资太低，一年才260块钱，还经常是白条，无奈弃教外出打工。,3
她虽然才三十六岁，做草药生意已十三年了，她能识别一百多种草药，不论是香花或毒草，只要落到她手里，总是想方设法让它为人类服务。,3
它的亲曾祖到中国连今年才六十三年。,3
最后，我咬了咬牙掏出70元钱给他，这才买到一张机票。,3
在刘大白的再三催问下，《旧梦》才于1924年3月迟迟印出，按刘大白的话说：“比人类住在胎中月数，加了一倍。,3
有个才八九岁的女学生却提出：“既然大孩能自动，难道小孩就不能自动吗？,3
你在信中提到，你本是不爱看小说的人，由于你在文化大革命前，参加了“四清”工作队，你们的队长曾向你讲过，工作队的队员可以看看《风雷》，因此，你才买了一部《风雷》。,3
打了好一阵，老队长才一个箭步蹿上去，照准黑熊的头部劈去。,3
如天津市十七中学三百多人的集体食堂，用一个吹风“龙道二连灶”和一个吹风高灶，平均每人每日耗煤量才一两三钱。,3
管理机构属于自收自支单位，人员月工资才1000多元，连巡护车都配不齐“有日常监管的缺失原因，但有些问题不完全是保护区的问题，也有体制机制的问题。,3
起初是我一个人，后来又和高进才一起，修梯田，澄淤地，挖坑种树，使这座荒山秃岭变成了万紫千红的花果山，取得了大利，创造了经验。,3
而它们一周只喝一次水，3天才吃一顿饭，所求甚少。,3
实践证明，由于有了党的坚强领导，有了人民群众的大力支持，有了巩固的根据地，实行了人民战争的战略战术，才使八路军立于不败之地。,3
后来在饮食专家和男朋友的多次劝告下她才吃一点东西。,3
只是迫于世界舆论的强大压力，以色列才在21天之后把军队撤走。,3
一九六七年，两个大队同时遇到水灾，蜚英大队的溪堤摧毁了三里长，当年就修复了，蜚安大队的溪堤只冲毁二里长，到一九七一年才修复百分之六十。,3
岸信介内阁在国内人民强烈要求下，同时由于西欧各国继英国之后纷纷宣布放宽对中国的“禁运”，才在7月16日宣布放宽对中国的“禁运”限制，公布了可以向中国输出的二百七十二种货品名单。,3
然而，全县人均才1.35亩耕地，且每年新增3万人口。,3
小郑是唐山一个汽车司机的儿子，今年才十四岁。,3
但是这种思想才一闪，她马上想起了张思德的光辉形象。,3
大连：开放型经济蓬勃发展大连：开放型经济蓬勃发展编辑点评大连作为沿海开放城市才十多年，已成为综合经济实力大增、国内外知名度大振的沿海明珠。,3
从国外引入的转基因抗虫棉同样具有高抗棉铃虫、整齐度好等突出特点，但亩成铃数才39010个，少于“93R—6”，棉铃也比“93R—6”略小。,3
刚来时我才22岁，没什么社会经验，在泰国人生地不熟，又语言不通。,3
谁能想到，就在这所学校初创期的1915年，首届毕业生才仅有8人。,3
四月份应交六十件，到五月二十九日才交四十五件。,3
惜李可染写牧童骑牛、白石补柳条幅，随所藏书画，皆毁于十年动乱，今幸存者才二帧及餐菊楼题画册而已。,3
我们感到好受些了，才一个个蜷成一团睡去。,3
但是，有些生产队的菜园经营得不好，不能做到每天有菜供应，有的要十天半月才分一次菜，有时社员没菜吃，还要到附近集镇上买咸菜。,3
那时他女儿才三岁。,3
如今种稻太不合算，一担谷才卖36元。,3
其实，这儿离郑州市中心才13公里。,3
如奉化尚田镇一个只有112名村民的庙后冬村，去年村集体经济收入才5000元，却花了1996.8元订了20多份报刊。,3
索非亚在历史上曾被称为“谢尔迪卡”、“斯雷德茨”等，直到十四世纪才因这一教堂而最后定名。,3
直到后来，中国人自己的领袖用明明白白的汉语说：“走共同富裕的道路”，朱依忠才一拍脑袋，心里豁然开朗。,3
他们从1958年开始学习以来，至今才三年多的时间，已经初步掌握了相当复杂的操纵技术。,3
然而，不到一年时间，任俊彦又突发脑溢血死亡，留下的三个孩子中最大的才15岁。,3
修河建桥，筑路填地，开发这片地投资至少上千万元，而公司全部流动资金满打满算才400万元。,3
可是，球磨机的内径才一点三米，机口就更小，只有四十厘米。,3
入伍时才1.69米，可眼下愣是往1.75米窜个头儿。,3
全县30万人，这几年经济发展直线上升，1990年社会总产值才5.2亿元，1994年就达到30.1亿元；1990年财政收入不足2000万元，1994年就达到6025万元。,3
他在谈到中国人民举行反对美国侵略刚果的大规模示威游行时说：“中国建国以后才十六年，全体人民正在努力进行社会主义建设，珍惜每寸光阴。,3
他不信，后来《遵义会议》剧组找上门来，王希钟为他定妆之后，他才大吃一惊。,3
一百五十年的科学馆一百五十年的科学馆喻丽清美国建国才200多年，可是旧金山科学馆今年却在庆祝它150岁的生日。,3
日本侵略军进攻塘沽，父亲带着最大才18岁的我们七个孩子和我们的继母，“跑反”来到了天津。,3
听到这消息他蒙了：自己才三十出头，家里还有老母亲，经济条件也不好，得了这种病可怎么办呀！,3
第1届世界石油会议是1933年在伦敦召开的，当时英国的石油年产量才3，000吨。,3
效率自然很低，一个工班才六吨，而且还是一班作业。,3
定县东亭镇是个中等集镇，每个月的商业营业总额二十万二千五百二十九元，但是商业工作人员却有一百一十八名，平均起来每个工作人员的工作定额才一千七百多元。,3
萨姆索诺夫：我还年轻，才19岁，我曾拿过13次欧洲少年冠军。,3
青年工人朱立民　青年团全代大会代表访问之一青年工人朱立民青年团全代大会代表访问之一柏生模范工人朱立民，是一个很结实的小伙子，今年才二十二岁。,3
苏联就是因为在近几年来发现了一些大的油田和气田，才使七年计划中能提出年产石油二点三至二点四亿吨、天然气一千五百亿立方公尺的雄伟计划。,3
他来到一条小河旁边，跳进小河，涉水而上，最后找到了一个隐蔽的地方，才喘了一口气，在那里稍事休息。,3
尽管改革开放的风也吹进了村民的心扉，但那大山的禁锢实在太顽固了，直到90年代的第四个年头，人均年收入才300多元。,3
老演员贾桂林，她已经六十四岁了，但一上台就精神抖擞，仿佛才二十七八岁。,3
湖南省零陵县二区杨村甸乡女孩子成娥英，今年才十四岁。,3
今年才二十二岁的茅善玉，已有十年的学艺生涯。,3
去年部队整编，你被编余，在军官队里和别的几个人抢过一家饭店；盛世才四汽车金银财宝被军官队抢光了，你也是其中之一，……嘿嘿，是不是？,3
他恢复工作才三个月，就亲自处理了八十多封群众来信。,3
流水乡松厝村党支部原来有些软散，村上比较贫困，1990年全村人均纯收入才385元，群众没有解决温饱问题。,3
当前，全运会结束才4个月，各队大多处在调整阶段。,3
日前，笔者到他家时，郭远发激动之情溢于言表，但同时他又十分感慨地说：“一家总共才3口人，建这么一幢房子，全是为了赶时髦，回头想想真有点不划算。,3
老杨去世后，人们在整理他的遗物时，无不心酸：皮鞋是从地摊上买的；今天夏天新添的两件T恤总价值才25元；床单是用旧毛巾拼起来的。,3
小演员刘凤琴，今年才十三岁，她在“花木兰”剧中，扮演花木兰的弟弟，演正兵，还演反兵，一个人演三个人的角色；下场就帮助后台工作；空下来还给同志们写慰问信呢！,3
最小的蒙古族女战士刘丽萍今年才十五岁。,3
后来收发员拿着盖有鲜红的收发章的收文簿前去查问的时候，运输计划委员会办公室的同志因为再不能说“一定没有送来”就只好在抽屉里乱七八糟的文件中翻寻了，这才大吃一惊地说：“呀！,3
苗庄苗德秋才十三岁，正在地里看谷子，四个敌人的散兵，在离地不远的地方，偷偷的钻到谷地里，哭丧着脸，东张西望，企图找个空子逃走。,3
由于那里的工作离不开，良才同志一直留在晋察冀，后在华北军区、北京军区作领导工作。,3
例如卷烟设备利用率才到35.5%，火柴还有积压，当然不必投资和增产。,3
实际直接从事一线生产的才4340人。,3
早在20世纪八十年代初，当他才17岁时，就自筹资金在家乡温州瑞安开办了“求精”电器开关厂。,3
老子才几天不吃糠咽菜，他就摔筷子砸碗挑饭食，这日子没法过了。,3
那时永田的父亲才十几岁，也和许多人一起被抓进了监狱，在狱里一条腿被打残废了。,3
我虽然分娩才十四天，只好冒着风雪走出二十多里地去借钱。,3
招商银行尽管才7周岁，但分行、办事处撒向全国，500多个“触角”伸向67个国家和地区；它以优质的服务和惊人的业绩，赢得了国内外金融界、企业界的关注与青睐。,3
新班子揭榜上任才三个月，农药车间就打开了新局面。,3
李达练习游泳才一个多月，今天是他第十二次下水就横渡了昆明湖。,3
她才十七岁，可是在革命长辈的培育下，经过革命斗争锻炼，确立了革命的理想，在斗争中锻炼成了坚强的革命接班人。,3
一九七六年初汽车公司刚成立时，只有十二辆破旧不堪的汽车，司机、职员总共才四十五人。,3
他说，他才上任四周，不能对过去十三年发生的经济问题负责。,3
济南一般科员，月工资才十五六元。,3
在他回国后，周光召院长在一次讨论会上得知了白春礼的情况，随后中科院计划局派人对白春礼的工作进行了仔细的论证，周光召从院长基金中拨出30万元，支持白春礼从事高水平的研究，这时他才回国一个多月。,3
外国侵略者的挑衅已经多年，林则徐到广东后才一年多，就把广东的防务建设得有条不紊，致使侵略者不敢轻易冒犯。,3
首先是将木卡姆演唱家吐尔迪阿洪演唱和演奏的全部十二木卡姆录了音，才使十二木卡姆得以及时保存下来，此后，十二木卡姆又相继得以记谱出版，并以各种形式被搬上舞台。,3
一九五○年，桂金才十五岁，吴家用轿子来抬她。,3
温新兰，这个才十八岁的小姑娘，是在木材放运任务加重，劳动力不足时被领导上挑选试验放排的。,3
它付给伊朗的租金，每年才一百万英镑。,3
最近，经省、地委再三敦促、教育，他们才作了一些自我批评，对有些问题表示要纠正。,3
据甘肃农业广播学校的主要负责人介绍，甘肃农广校一年的“绿证”培训任务是5万人，但资金只有1万元，人均才2毛钱。,3
所以才在一场场的比赛中，在场面处于劣势的情况下赢得比赛的胜利。,3
今年才二十二岁的技术员便急了，说：“这个问题不解决，棉纱质量不好，给国家造成损失，我们每个人都有责任啊！,3
我也相对默默地哭了……而现在才40天之后，他便已永离人世！,3
两名老瓦工被她们的苦干精神感动了，说：我们才六十多岁，还能为社会主义干一阵子哪，请求留下来当工人。,3
承包才一个多月，马胜利眼看着承包的指标步步提前完成，心里反倒不安了：我们这个近千口子的国营工厂，上交给国家的利润只是区区三十四万，比人家先进工厂矮了三分！,3
才几万人的小城市，没有像他那样的，害得我不仅在居住的社区抬不起头来，连看病都得花高价。,3
在马俊仁看来，队员年龄小（14岁、15岁、16岁，当时最大才17岁）、文化水平低，均是世界观尚在逐渐形成的阶段，加强思想教育十分重要。,3
李秋山的妻子康国燕有一笔精细账，她说：“老天爷连着俺的钱袋子，价低的时候一公斤才卖4元，价高时可卖27元，你说，能不盯紧天气预报吗？,3
有一天，他们从清晨出发，一直走到深夜十一点半才到达一个村庄。,3
建国才十年，一代新人就像雨后春笋一样茁壮地成长起来了。,3
美国丹佛有一家专为青少年服务的银行，目前有1.7万个储户，帐户户主年龄不能超过22岁，银行顾客的平均年龄虽然才9岁，但是，他们都受到严肃认真的对待。,3
以投资增长最快的西德为例，1957年西德工业机器使用年份在五年以下者占48%，而1948年才占18%。,3
团员李小英，才八岁，黑黑瘦瘦的，我们都叫他小黑子。,3
这个村山高土薄，长期贫困，直到1980年，人均纯收入才87元，风气也不正，有几名村民因违法犯罪被劳动教养，有些党员和干部只顾个人发财，放弃党的工作，党组织处于半瘫痪状态。,3
惨案发生时，从魔爪下逃生的赵培元才9岁，他的心灵上留下了终生的创伤。,3
韩国高度评价中国在北京六方会谈中发挥的重要独特作用，认为正是由于中国的不懈努力，才使六方会谈成为可能。,3
只有在上海联谊会聚餐时，才会说几句上海话。,3
（武亦姝）才16岁就这么厉害，后生可畏啊！,3
所有导演都想着怎样用小成本缩减风险时，“菜鸟”魏德圣居然往《海角七号》里砸了5000万元，而2006年台湾出品的所有电影总票房才4000多万元。,3
从鞍钢焊接材料厂下岗时，秦宝刚才22岁。,3
虽然不幸疾病过早地夺去了他的生命，辞世时才五十八岁（一九五三），但他为拯中国绘画优秀传统于垂绝，大胆吸取国外艺术之长，以益己之不足，这个影响是颇为深远的。,3
初春季节，春寒常袭，没有恒温设备的鹤场，难以使出壳才几天的雏鹤平安生长，你就将鹤带到自己的床上，用自己的身体平衡鹤与自然的温差。,3
彭玺去年才6岁，他3岁学书，两年多时间，共夺得全国和国际性大赛大奖19次。,3
虽然中国经济总量位居世界第二，但人均GDP只有6800美元，仍排在世界80位以后，在中国广大中西部和东北地区人均GDP才5000多美元，有些西部省份只有3000多美元。,3
例如，毛皮铲干的防尘问题还没有解决，铲油机需要量是五十台，现在才制成十八台。,3
团员李小英，才八岁，黑黑瘦瘦的，我们都叫他小黑子。,3
突尼斯政局动荡以来，大约5000名突尼斯人乘小型渔船穿过地中海，前往意大利西西里地区兰佩杜萨岛，而该岛居民总共才6000人。,3
李丹仙逝才3个月，方于即含悲忍痛，秉承先夫遗志，着手翻译最后一卷。,3
怎么能说“中国几千年”才出现一个呢？,3
前些时候成立的国奥足球俱乐部，有12个单位的球队参加，会员单位踢一场球，场地费才200元。,3
在讨论中都说：“这才几年啊！,3
她的丈夫姜利心急如焚地到厂广播室广播救援：“兄弟姐妹们，救救我的妻子吧，她才26岁啊！,3
放下电话我就静静地想，这可真是“春到人间草木知”啊，这才几年的工夫呀，一个那么偏僻的小城，就有了如此美丽的景象，让朋友不惜花钱打电话告诉我。,3
随后，总人口才一万多的玛多，提出发展“百万牲畜”的目标，牛羊一度发展到80万头只。,3
年青的赵孝庵，有着一副魁伟粗壮的身躯，他今年才只有二十岁，出生在一个普通的农家。,3
穿了才3天，鞋面掉皮，裂开了口子，后来干脆连底带帮脱落下来，我找到鞋店评理，店主却不承认。,3
从远处眺望，薛家寨整个山体如斧削刀劈，壁立千仞，形如天然城堡；从山脚仰望，薛家寨见首不见尾，细看才发现一条长达两公里的奇险的丹霞岩槽，易守难攻，历来成为兵家构筑的军事要塞。,3
一些县乡干部只是在收粮、收税、计划生育、农田基本建设等中心工作开展时，才下去一下，群众迫切需要解决的问题，却较少过问。,3
彭振刚三喜齐来彭振刚三喜齐来孙铁（一）彭振刚是六○七团五连的战士，参加队伍五年了，今年才二十二岁。,3
不容易啊，60年才圆一梦，我终于看到了‘飞鸟不通’的贵州走进了高等级公路的新时期。,3
老崔心想，我的党龄比你年龄还大，你参加革命才几天，还说我这样那样的，我看你能干个啥？,3
据《联合报》报道，台北市最近出现一些有男妓出没的色情餐厅，充当男“服务生”的人，平均年龄才二十出头，有些还是在校的大专学生。,3
如果指的是“件”数，全国性法律法规总共才1200多件（法律400多件，行政法规800多件），地方性法规总计只有8000多件。,3
直到1918年底德国共产党的建立才为一个马克思列宁主义的群众性政党奠下了基石。,3
新加坡1960—1970年国内生产总值年平均增长8.8%，而通货膨胀率年平均才1.1%。,3
每隔四五天气温才下降1摄氏度，属于秋风拂面不冻身季节。,3
谁能设想，一个人口总共才1，700多万的阿富汗，竟有近八分之一的人是流浪者。,3
广告贴出才一个星期，就收购了1万吨垃圾，经发酵足可满足1.5万多棵树苗所需的基肥。,3
中国女篮平均身高1米84，1米90以上的队员有4人，而日本队最高的中锋才1米83。,3
他今年才十五岁，可是他已经参加过很多次战斗，打死美国强盗四个，打死打伤伪军八十四个，还用地雷炸毁敌人的军车八辆，大家都称赞他是少年“打虎”英雄。,3
佘之祥告诉记者，1996年，上海港每年才吞吐200万标箱。,3
才五个春秋，蛇口这片二平方公里的地方，就矗立起一座崭新的工业城，成为技术的窗口，管理的窗口，知识的窗口，对外政策的窗口。,3
1944年这个由黎琳领导的战斗集体，被戴笠秘密杀害时，她才24岁。,3
生活的重担无情地压在这个才十几岁的姑娘背上，母亲含着泪水把她送去当长工。,3
她今年才十一岁，名叫何兴兰，还有个七岁的弟弟，叫何兴贵。,3
目光忽然落在车间墙脚下，一堆黑沉沉的颈圈毛胚放在那里，工段长胡法荣有些苦恼地告诉魏高厚：“这个活干起来慢极啦，三十分钟才加工一个，眼看要影响车间提前完成任务。,3
他是河北省景县人，抗日战争开始才十一、二岁，家乡沦陷后，曾目睹日寇的种种暴行。,3
金大创办才一年半，在精神文明的建设上，我们还仅仅是起步，工作还有许多不足之处，真正的考验还要看我们的毕业生走上社会以后的表现。,3
据了解，专家组成员原先有个13人的方案，差不多都是30年代出生的，后扩大到21人，除专业有所调整外，特别增加了中青年的专家，最年轻的才36岁。,3
上次岷山华桔竹开花死亡以后，到现在已七八年了，可新的竹苗尚未成林，才六七十厘米高，尚不能当熊猫的“粮食”。,3
村里的财力并不强，年收入才十几万，但这些年完成了道路硬化、电气改造、绿化等４３项、５００多万元的基础设施建设。,3
公司便动员风塘村十几户农民饲养“迪卡”，不仅优惠提供猪苗、饲料，还将养猪的技术、饲料配方和管理方法都传授给他们，每户平均养10头，才养3个月就出栏了；每出栏一头肉猪，扣除成本后获纯利130元。,3
记者曾经访问过前线某部炮兵第四连连长，他告诉我说：“这个连出发到自卫前线时，才五十个人，现在已经补充×百名了，除小部分由解放区来的新战士外，蒋介石就给我们补充了×十多名炮手。,3
东光县在一九五四年八月破获的一贯道点传师庄淑惠、周万隆等案，即以行商做掩护，活动于六个县一个市，参与活动的有点传师六十三名、坛主四十五名、“三才”四名。,3
我们广大知识青年，现在大都二十几岁，再过二十几年，才四、五十岁。,3
去年组委会工作雇员不足百人，现在也才700多人。,3
直到社会主义教育运动，揭开了阶级斗争的盖子，他才大吃一惊，和阶级敌人划清了界限。,3
同时，每日晨昏才匆匆一现的海尔—波普彗星也已升至天顶仰视可见。,3
我们林场每户每年要烧50立米木头，都是挺好的木材，光我们林场每年得烧3，000立米，连同家家户户，总共一年烧掉二十多万立米，国家下达的生产任务一年才35万立米。,3
我们原封不动地按照石家庄的经验种植，结果麦苗死了不少，亩产才三百五十斤。,3
至于调往外埠的球胆，一九六四年才一万三千八百个，一九六五年安排调出一万四千个也就行了。,3
这时，他的孩子才一岁多，母亲得了眩晕症，妻子在医院工作又整日忙得连轴转。,3
金根宗到草庙乡工作才55天，却是他生命的最后55天，更是他与“旱魔”拚搏的55天。,3
全家的收入就靠低保金和妈妈的病退金，加起来才千把块钱，小韦就在网上发了求助帖子。,3
他生命的希望与生命的消逝，相距才不过几个月！,3
孙德昌贪污的赃物才交出一半。,3
虽然额度低，单笔平均贷款才2300元，但单月贷款额已经超过了30亿元。,3
我们厂党委委员、象牙车间党支部副书记，进厂才一年多，还是个徒工。,3
恢复邦交才只有10年，在日中联合声明中作出的反战和友好的誓言，难道不是已经开始逐渐消失了吗？,3
1971年，印尼的人均国民生产总值才90美元，是世界最贫困国家之一，到1980年，人均国民生产总值达到430美元（1986年为500美元）。,3
有个回龙公社，连年完不成上级布置的小麦播种计划，农民辛勤耕种，最好的亩产才一百多斤，一般的只有五十来斤。,3
1991年他取得系统分析员资格时才23岁。,3
到了日本才和一些普通的日本工人、学生、职员接触。,3
奋勇小队其实一共才二十二个人，自从上月他们带头突击，完成生产任务以后，“奋勇小队”在厂里就有了名。,3
李荣今年才十九岁，三年前参加工作。,3
解放前，朝鲜北部纺织工业很微弱，连家庭手工织布机统计在内，才二百八十二台纺织机，一万多纱锭。,3
今天，刚来中国才几个月的坦桑尼亚的三位小朋友，也高兴地参加了联欢会，并且用中国话演唱了歌曲。,3
那时他才十九岁。,3
那是去年7月的一天夜里，他一直到清晨两点才修好一件电器，并当即将修好的电器送到仓库。,3
正是有了成千上万个家庭家风的微观载体，宏观抽象的社会主义核心价值观才会在百姓鲜活的生活中得以落细落小落实。,3
考文垂人民勇敢地承受了牺牲，在11月14日以后才六七个星期，大部分工厂就恢复了生产。,3
两年后我又见到刘德，他才24岁，却已担任广东省武术队教练。,3
曾先生说，他相信中国人的智慧和才华，一定能够把北京奥运办得精彩，办成一流的奥运会。,3
他们的年龄小的才十四、五岁，大的不过二十二、三岁。,3
普通小麦才卖四五毛钱一斤，去年优质麦卖到6毛多哩！,3
这是一件十分艰苦的工作，往往开百十块才够上一亩地。,3
被囚禁在蒋贼火烧岛集中营的台湾爱国者中，有些是才十六七岁的少年，他们在受着蒋贼酷刑的折磨。,3
西康全省在“三反”“五反”运动中只发展了一百四十七个宣传员，湖南省城步县直至今年五月底才仅在一个乡内形式主义地发展了三个宣传员，这些现象当然是不应该的。,3
各种规格的密植正在因地制宜地提倡和试验，过去每公顷用种子才十公斤，现在则已普遍增加到每公顷七十至八十公斤。,3
就算后来日子好过一些，一年的城市建设维护费真正可用于城区的才180余万，只够城建部门的人头费和维护费。,3
那多少朵儿才够称一斤的？,3
这项成果的转化成功才不到一年时间。,3
看到卷宗才大吃一惊。,3
眼下公司欠银行贷款四百七十万零两千元，而他们自有资金才十五万元，已到了产抵不了债的困境。,3
我们来到社员张彩红的洋姜地时，看她那篮子里足足有一二十斤洋姜，而旁边放着的茎秆才十来根。,3
舆论痛批陈水扁抓权不放　　针对谢的辞职，在野“立委”痛批陈水扁抓权不放，才会在5年半换了4任“阁揆”。,3
高娃今年才24岁，虽是蒙古族，却不是人高马大，身子骨比较单薄，可以想见她进城“讨债”之艰辛。,3
1992年，工业总产值才18亿多元，占全地区社会总产值的30%左右。,3
这次三峡工程大江截流，江泽民总书记出访美国回国才几天时间，就又来到沸腾的截流工地。,3
直到1984年，广西才一举结束徘徊，开始从根本上扭转被动局面。,3
就在这时，我遇见一个身材魁梧的大汉，挑着一对装得满满的箩筐，长相很象韩铁匠，可年岁看上去才四十上下。,3
例如零售商业工人，一九六一年平均每周工资才六十四美元，还不及海勒委员会当年预算的一半呢！,3
比如30万吨合成氨工程，乙烯工程，主干道工程等，这些工程是他的骄子，动工才几天，他就着急地问怎么还这样子。,3
亚美尼亚是一个历史悠久但又饱尝压迫和剥削的民族，经过长期不屈不挠的斗争，才在十月革命后走上了繁荣幸福的社会主义道路。,3
旧社会里，师傅虐待、剥削徒弟，保守，不愿把手艺教给徒弟；加以那时候学徒的文化水平低，大多不识字，最高也不过小学程度，学习期限才三年。,3
耿为华在这首歌的演唱中，倾注了全部热情和才华，一个字一个符点地揣摩歌曲的内涵，掌握其中的技巧，并且进行了深度的再创作。,3
又如走路，首先你要决定从这条街走到那条街，然后才一步一步地走到目的地。,3
在一九六五年，这支武装力量人数很少，大约三天才出击一次。,3
危险的敌国情结（国际论坛）-胡泽曦赵成　　“二战结束时，我才上二年级，英语被视为敌国语言。,3
原来估计新楼半年竣工交付使用，旅馆租赁费每月两千元，半年才一万八千元，现在四个月过去了，竟是这么个结局，以后的日子可怎么过？,3
经过一年之久，才写了一篇报告文学《是这样一个人》，刊登在去年12月25日的《浙江日报》上。,3
1918年他在哈佛大学取得了哲学博士学位，那时他才二十六岁。,3
果园建设才一年，沙荒面貌大改变。,3
到一九七○年第一季度，棉布入库一等品率才只有百分之三十七，棉纱合格率也很低。,3
在意大利，一位学历史的大学生费了很大劲，才在一家旅馆里当上清扫垃圾的临时工。,3
迭出的冷门对于欲锦上添花的名将是不幸，但对于揭幕才3天的第十九届冬奥会来说，却是好事，它意味着为世人所关注的冬奥会赛事将会因此而更加精彩纷呈。,3
可到了好莱坞一摸口袋，才剩下40美金。,3
作为第二被告的张老师辩称：小东同学违犯校规，私自到校外购方便面，我上前制止，他出言顶撞，我才一气之下将方便面踢掉，并将其叫到校办公室批评教育，并未对其拳打脚踢，也未当着同学的面恐吓他。,3
回国才几个月，可是我非常想念在中国的朋友们。,3
他们一直掘个不休，只在换季节需要换衣服的时候，才回家一趟。,3
这年，他才21岁。,3
例如，七月一日至六日的六天中，他说：“想尽办法才做了三个劳动日”，这就是说，他想了一些办法以后，已经做到有一半时间参加劳动了。,3
只有对警察多一份理解、多一份尊重，我们的社会才会多一点进步，多一些和谐。,3
长期以来，等靠要、安于现状的心态，束缚着西柏坡人脱贫的脚步，到1984年，这里的人均收入才140元。,3
左云、右玉两县，去年的无霜期才九十四天。,3
砌好一砖一瓦胡道永当瓦工才一年多。,3
去年全国冬小麦的平均亩产才一百一十二点八斤，今年跃进到一百八十斤左右。,3
在百米赛跑的历史上，广大运动员奋斗了74年，才使百米跑的成绩提高了1秒25。,3
一九七○年，粮食每亩单产才一百二十斤，总产七百多万斤。,3
当时的卖价每500克才30多元，可是当时成本低，尤其是蟹苗，几乎不值钱，不像去年每只指甲大的蟹苗要五六元。,3
还有两次，他昏了过去，幸亏他随身带的“救命丸”，才使他一次次脱险。,3
到北京参加全国人民代表大会会议后，看到陆续揭发出来的章罗联盟及其他右派分子的反党反社会主义言行，才大吃一惊。,3
而她们，一个22岁，一个才18岁。,3
经过千辛万苦，我们最后才于十一月二十日离开横滨，回到祖国的怀抱里来。,3
五常市地理标志产品保护管理办公室主任张野给出答案：符合五常大米质量标准的五常市内的企业使用五常稻作区的水稻在五常行政区内加工而成的大米，才叫五常大米。,3
我很想跑到前线为你们服一点务，可是，真惭愧，我才十一岁，真没有这个力量，我恨不得立时长大起来，可是又那能如愿呢？,3
现在保护站交给了地方，肃南裕固族自治县年财政收入才3000万元，却要负担400万元投资林业。,3
我赞成胡海的发言，”坐在车间主席旁边的一个青年矿工站起来，看样子，他才二十五、六岁。,3
例如有个单位需要买几个热水瓶，有人主张买竹壳的，节约开支，有人则说：“何必那么小气，要大方些，买彩色带花的，既美观又大方，一个才七八块钱。,3
建院才一年零九个月，已完成科学研究项目四百六十八项。,3
图片这些小手风琴手最大的有六岁，最小的才四岁，都能演奏简单的乐曲。,3
这四个人都是农村青年，没有任何工业技术，其中有一个名叫季惠芬的，今年虚龄才十七岁，根本不合鞍山钢铁公司招收人员规定的年龄（起码十八岁）。,3
我不是吴海，我今年才二十三岁”。,3
我不时看看表，刚五分钟，再看，才七分钟。,3
全队虽有一千多口人，但经常能出勤的整、半劳力，才只有三百多个，妇女大部分被家务纠缠，不能直接参加农业生产。,3
孙文成家里只有他和他爹二人，他爹又打堤去了，家里还有才分的一个小牛，须要他喂，但他一样的参加生产学习，还得做饭喂牛，完成了互助生产任务。,3
阮文诺镇定地等他们进入射程后，才又一次出其不意地开火，他先扫射右边的，接着又扫射左边的。,3
香港选手方嘉雯上冰才几个月，虽然比赛成绩不理想，积分垫底，但她每一次出场都赢得了观众的热烈掌声。,3
有一对领结婚证才4天的新婚夫妇也卖掉所有结婚用品，凑齐了昂贵的学费后双双东渡。,3
来自黑龙江省肇东市的盲人选手孙海涛，今年才19岁。,3
这是他有生以来第一次离开父母一个人闯荡世界，这一年他才17岁，这也让他成熟了许多。,3
大年初二上午，上任才20天的宁夏回族自治区党委新书记黄璜，来到宁夏永宁县芦草洼吊庄移民区，与回族群众一起分享节日的快乐。,3
那时的盼盼才4岁，饥饿中它漂流在宝兴县巴斯沟的一条小河中，被一位农民发现而得救，一度名叫“巴斯”。,3
开始接受这个任务时，用老办法做：两个人共用一套模，一天只出十五号砖三十五块左右，八套模一天总共才出二百八十到二百九十。,3
杨士平今年才38岁，却已经有了两年的血压高病史。,3
考虑到如果有人搬进了这层楼，落实政策一事更没有希望了，所以张德华才于7月27日自行搬回。,3
周总理说：我们在阿尔及利亚看到，阿尔及利亚经过七年多反抗殖民统治的战争，付出了沉重的牺牲和代价，但是独立才一年多，就依靠人民的力量顺利地医治着战争的创伤。,3
养四、五口是吃窝头、咸菜，逢年过节才买上几斤肉。,3
记得我第一次教书，是在六十年以前，那时我才十九岁。,3
直到他说是从前的陈奎之后，这才受他一拜。,3
过去，这里集体养鸭业发展不起来，因为养一只鸭子，卖给商业部门才一元多，生产队往往亏本。,3
这些孩子最小的才六岁半，最大的十三岁左右。,3
阎龙过去全年才做四十个工，去年就做了一百多个。,3
婆婆七十多岁，孙子才几个月。,3
20年前，老瓦第一次参加世乒赛是在东京，那时才17岁。,3
中午烧饭时，连水也找不到，她们几乎分头跑遍整个荒岛，在灼热的石头和干燥的沙土中搜索，到傍晚，才发现一个泉眼，等到她们挖出泉水时，天已经黑得伸手不见五指，呼啸的海风又刮得几乎站不住脚。,3
上海开埠兴市才100多年，城市、厂房、乡村、道路、农田……该用的地似乎都用上了。,3
包启文表示不当大会主席，李秀山就把一个参加工作才几个月的女同志推上去当主席。,3
我们在江阴投资1亿美元兴办的科技项目，从动工、完工到生产，一共才几个月的时间，这在我们企业对外投资的历史上是超纪录的。,3
儿童卢天瑞才十三岁，亦提出与大家一样锄苗。,3
解放初1斤大虾才值一毛五、六分钱，而1斤海带卖一块多钱。,3
帅廷彬听卖红薯商人的话，先交定钱，晚上跑到青羊宫背红薯，买了五十斤，回来一称才三十五斤。,3
该死的虫子像盛世才一样可恶！,3
即使有粮卖，一亩田一季的种植纯收入也才300多元，还不到我在外打工一天的收入。,3
进入中国才10年，SAP公司占据了这个市场30％的份额。,3
1998年上半年，东方网景仅售书500多册，瀛海威销售额才上千元。,3
这些新品种印量都比较小，多的三百多万，少的才五十万，受到集邮者的追捧，对麻木不仁的邮市起到了一定程度的刺激作用。,3
当地实行每周五天工作制，但在这里工作的中津两国建设者们两周才休息一天。,3
我们是一个拥有六亿多人民的大国，到现在经常参加体育活动的才不过一千多万人。,3
几乎所有认识这个年龄不满20岁、入伍才一年半的上等兵的人，都会发出这样的赞叹。,3
共青团员易桂生，解放前祖辈三代都是给资本家做工，受尽剥削和压迫，全家没有一个识字的，有个姐姐才十二岁，就进工厂当童工。,3
现在看了，才大吃一惊，我们过去太麻痹了。,3
王为民自己起初为了完成找狼、养狼的任务，经历了多次失败，直到他在从法国回中国的飞机上偶然看到了一部用真狼拍摄的纪录片《Wolf》，联系到了加拿大著名驯兽师安德鲁·辛普森，才使这一困难得到化解。,3
其实，贴大字报时到南大才4个月，连报纸也很少看，更不要谈接触社会，只是对小道消息特别敏感。,3
一路上，他翻山越岭，攀悬崖，走峭壁，直到夜幕降临时，才在一个山坳里找到了这头牛，把它交给了生产队放牧员达娃顿珠。,3
我们幼儿班的孩子最小的只有3岁，最大的也才5岁，如何在每周仅有的90分钟内事半功倍地教会更多的东西，激发出孩子们学习中文的兴趣是教学的关键所在。,3
其中最有才华的一位年青艺匠名叫阿尼哥。,3
中央人民政府成立才只有八个月，就使全国财政统一起来，物价有了稳定，土改地区人民的生活有了改善，这是蒋介石反动政府多年来未做到的。,3
一位来自澳大利亚的小姐看上了一件绣着精美花纹的中式肚兜，一问价才30元。,3
赵清泉生下来才三天，老祖母就把他包裹得好好的，放在一个筐筐里，搁在自家门前的一个粪堆上，叫邻家来把他从粪堆上拾了去，然后又拿一杓面去向人家把他换回来。,3
近年国内西装流行，一些生产单位为降低成本，试用每斤才七八角钱的牦牛毛作衬垫，从而扩大了销路。,3
你才四十多，参加互助组什么困难也没有，趁能干活再不干……。,3
她看来才只有十七八岁。,3
左云、右玉两县，去年的无霜期才九十四天。,3
可我才上了一个低峰，便气喘吁吁了。,3
世界上最年轻的女总理，是巴基斯坦的贝娜齐尔·布托，1988年她任总理时才35岁，她也是当代穆斯林世界的唯一女总理。,3
我纳闷，问道：“你刚调到那里才一个月，这先进是如何当上的？,3
虽然声名早已远播海外，实际上邵奇文医生才40多岁。,3
患者小张，才16岁，这个性格内向、性情孤僻的男孩子突然间变得让父母亲都无法理解。,3
大凉山解放才一年多，但是天地都完全变了，彝族人民已经从地狱里站了起来。,3
日前，记者随机抽查了一些地级市的政务微博，发现很多都是几天甚至几周，才发一条不痛不痒的微博，公布一下最近的领导动态，并没有太多实质性内容。,3
是否售出时每克黄金才值2元人民币？,3
生长在长白山中和鸭绿江畔从日寇铁蹄下解放出来才五年的我国人民，今天又受到另一个血腥侵略者——美寇的威胁。,3
后来，南宁地区的地壳也慢慢上升，鯆鱼看来走投无路了，幸而这时左江形成，才免一死。,3
如今血栓通一瓶才二三十元钱，再加上新农合报销额度高，不再害怕看病了。,3
解放前，我一家人都是农奴，自己才七岁就被土司、农奴主拉去当牛做马。,3
有一次，捕鱼后返回兵站的途中，由于才下过一场大雪，太阳一照，雪山耀眼，吕传銮和其他几个同志得了雪盲，眼睛酸痛，泪水直流。,3
挖一条坎儿井，一般工程造价是100米1万元，5公里长的坎儿井工程总造价才50万元。,3
1940年，缪老曾为自己才二十出头的爱徒的第一本词集《夜珠词》题词曰：“何期漱玉千年后，重见人间李易安（注：《漱玉词》为李清照之词集，李易安即李清照）。,3
由于他的领导，才使得一个临时由四面八方调集一起的各种类型的干部，在那样复杂、尖锐的斗争中，能够团结在一起，战斗在一起，出色地完成了党中央交付的任务。,3
可一个“呆”字把田桂芹心里说得那叫苦涩，“我才30多岁，身体又不坏，难道就这么真的在家里呆下去了吗？,3
苗俊明赶回来扑进急救室，跪在妻子床前对医生说：“救救我妻子吧，她才20多岁呀！,3
在学校学习的时候，王孟奇还不大会画画，下乡插队才几年时间，就成长为一个比较出色的业余美术工作者。,3
他们自己一般只能每隔二三年，甚至五六年才回国一趟。,3
奇本）钳工下乡造农具钳工下乡造农具四川南充市郊区新建公社一管理区的打铁红炉，开业才三个来月，就出了名。,3
中华人民共和国成立才十天，在北京就成立了文字改革协会。,3
当我出生才40多天，父母又忍痛送给了他人。,3
我看过牛顿的名著《自然哲学的数学原理》，他写出这本书时才43岁。,3
奶奶说：“我今年岁数又不大，才18岁。,3
西罗基说，以希特勒法西斯主义为代表的德国军国主义对欧洲各国人民的疯狂侵略进攻被粉碎才不过十年，在一些国家的政府和议会的同意下，这些侵略势力现在又在西欧复活了。,3
他们中年龄最小的才4岁，年长的已超过85岁。,3
马克思和恩格斯中学毕业时才十七岁，已在学习上付出了艰苦的劳动。,3
这品种不适合在我们这里种，长的秆子高穗头小，三十五亩平均亩产才一百挂零，比我们本地原先的品种还减产一半。,3
现在，这一对新老干部每天早上都要提前来到办公室，先学一段，晚上下班后也要学习一些时间才一起离开。,3
因为速度要快，时间不够，而且他们总共才五个人。,3
但是，三年来他们的管理费支出才六十二元，只占总收入的0.12%。,3
杨母孙一莲，生杨虎城那年才19岁，在陕西蒲城的农村里，她属于年轻媳妇。,3
由于身体不好，上不了班，经南通市人武部、南通军分区批准，由复员改办了退休，这时他才四十二岁。,3
到1980年，全村工农业总产值才90万元，人均收入79元。,3
她说，“才4个孩子，在我们帕米尔高原这是最少的呢。,3
这的确是我们部队的奇迹，其所以成为奇迹，就是因为时间才不到一年，“一年干了好几年的事”。,3
今非昔比，才几年的工夫，从上到下，实事求是的作风就多起来了。,3
他才22岁，是这些人中最年轻的。,3
本来满怀期待地想看到漫山遍野的薰衣草，而当到达目的地时，她才发现一切并不是想象中的那样。,3
他说：“梁灏八十二岁中状元，我才七十二就不能当十好社员啦！,3
过去，看见罗伯特·巴乔或是贝克汉姆出来了，有些小激动还要稍微掩饰掩饰，至少有所节制，只有对方相貌真的英俊有型才喝彩一下。,3
朱章苓举例说，北京体院经过5次外语考试后，才从100多人中挑选了15人。,3
有时还遇到看来才只有五、六岁的小男孩和小姑娘。,3
30年间台州城镇人口占总人口的比重从1949年的7．07％，到1979年增加到10．91％，差不多平均10年才增加一个百分点。,3
那年，他才40岁。,3
咱两家“结亲”才两三个月，就有了这么大的变化，要是两三年，二三十年，真不知要出现什么奇迹呢！,3
才一会儿，他挎上盒子枪，匆匆地跑出来，跟上区小队走了。,3
川底郭喜孩（六十多岁）土改中才分到几亩地，锄苗时因常到外边扑闹吃喝，而变成本村大会小会的批评对象。,3
一个劳动日才分一角七分钱。,3
第二季度，我们在汉口买不到，特地派人跑到上海，同很多单位商量才买到一小部分，远远不能满足需要。,3
她才只四岁。,3
去年我把侄儿、孙儿都接到矿上来了，我底小儿子才十岁，大了，我也准备接他到矿上来，让我子子辈辈在矿上生活下去。,3
论文化，就那么多；论年纪，才17岁，面对着几十双渴求知识的眼睛，我不免有点紧张。,3
怎么能说“几百年”才出一个呢！,3
根据成安、肥乡一带的丰产调查总结，三耧花比头耧花（谷雨节播种的）产量要差一倍（一般头耧花每亩产一百七、八十斤，三耧花每亩才产八、九十斤）。,3
如今，种绿色大米，有机的底肥1垧地才上600斤。,3
据说，现在一个刚从医院里才出世几小时的婴儿，在黑市场上的售价上万美元。,3
二四线大一中队二连，上两个夹板螺线最快者二十秒钟，再元同志连拆带装才四十秒，一连六十人上夹板螺丝，每付夹板上两个，一公里钢轨二十五分钟上完。,3
其中最有才华的一位年青艺匠名叫阿尼哥。,3
当时虽然才十五岁，但头脑里的“私”字很多，觉得在农村没出息，总想到外边找个工作。,3
有人说：“外国人搞烧伤已有上百年的历史，我们这才几天啊！,3
该社负责人回答说，你的儿子才9岁，是无民事行为能力人，连选举权都没有，哪有著作权？,3
只是在美国政府接受了中国政府的这些合情合理的主张之后，中美两国才从1979年1月1日起建立了外交关系。,3
一颗是苏联的，用一个西方通讯社的说法，“是一个重达一千一百一十八磅的庞然大物”，而另一颗人造卫星，美国的“探险者”，“总共才只有三十磅左右”。,3
上山下乡后分到博物馆，才二十几岁，小青年。,3
他兴冲冲地把这种软件拿到国内来卖，没想到费尽心力，价格仅1万元一套才卖出几套，心里很纳闷。,3
在上海第二纺织机械厂四分厂参观时，总书记在一台数控车床前向进厂才三个月的青年操作工李永志询问后，向他伸出了手。,3
二米零五的郑海霞才十八岁，已成为国家队主力中锋。,3
美国这样出够了丑而又表示认错悔过，这才使一桩公案暂时了结。,3
这位青年才31岁，就顶了一头令人目不忍视的“银霜”，而在三年前上南昆时他一头黑发油亮油亮。,3
陈玉中发现沈众姐姐很懂事，爸爸妈妈带她去书店买辅导书，才买了几本，她就说够了，不要再买了；中午吃饭让她点菜，她看看菜价，舍不得点了。,3
单独操作能胜任，这时候她入厂才不过三月有零。,3
学习文化总得有人教，光是在区干部会议后上一课，一年才上十来课，学不了多少。,3
1985年，乡党委、乡政府主要负责同志率领干部走出深山到江浙、沿海一带“探路子”、“开眼界”，山外日新月异的变化，使他们大发“山中才一日，世上已千年”之慨！,3
建国之后，为了建立中国电影事业，他放弃了创作十几年，才在1963年重新导演了一部深受群众欢迎的《南海潮》。,3
其实，他才五十二岁。,3
曾经在抗日战争中英勇配合八路军作战，活捉过日本鬼子的老民兵杨学永紧握着上了刺刀的步枪说：“打日本鬼子的时候，我们民兵队才只有三十七个人。,3
只有像吴江那样，通过土地合理利用、综合整治，实现土地利用的良性循环，经济的快速、高效发展才会有一个坚实、稳定的物质基础。,3
现在全国平均每万名农业人口只有四名中、高级（主要是中级）农业技术人员，平均每万亩耕地两名，平均每乡零点六名，每五十二个乡镇企业才一名。,3
当1949年包头解放的时候，市内的蒙族全部居民才不过二百人左右，而且是没有人在现代企业中工作的。,3
一位刚走出自治区技术监督局大门的基层干部赞叹：“没想到才几个月，大机关就有了大变化，话好听了，办事快了。,3
他说：“想想我在解放以前当学徒时，早上六点起来干活，到晌午才吃上一顿窝窝头，一干干到半夜，还是吃的窝窝头。,3
大队党支部书记罗先荣，那时才七岁，他右脚脚面上生了个疮，很久没有痊愈。,3
在最先上映的福州市，虽然每张学生票的票价才三元钱，可短短数天，票房收入就超过了《大腕》等影片的一倍以上。,3
我写的第一篇日记是1941年9月8日，那年才10岁。,3
也只有这样，“百花齐放，百家争鸣”才不是一句空话。,3
据我们了解，他们在每百斤花椒内就掺三十斤花椒籽（花椒每斤二万四千元，籽每斤才一千多元）。,3
参加这次邀请赛的北京选手吴大中，刚比赛完毕走出赛场，就有一个小伙子走上前去，向他一鞠躬，诚恳地说：“我是广东队的，叫林继华，学习线操纵模型飞机才三个月，好多动作都做不好，想拜你为师，希望你帮助我。,3
（附图片）别洛沙普柯炼钢战线上的优秀共产党员赵旭炼钢战线上的优秀共产党员赵旭赵旭是唐山钢厂铸造部“抗美援朝号”电炉模范生产小组的组长（共产党员），虽然今年才二十七岁，但是已有近十六年的工龄了。,3
过去能掌握这种传统技艺的人并不多，在1958年才只有四十多人，而且大多数是上了年纪的。,3
举世瞩目的10多亿人口的庞大市场，人均一年购书才5册多，为什么就出现萎缩呢？,3
刘帅规定我读的那三本书，在战争年代很不容易找到，费了好大劲，才在一些老财家里陆续借到了。,3
不知沈阳那几十尊铜像在今年多雨的夏季里是否已锈迹斑斑，才几个月，就让人感到有些古董的味道。,3
另一个年轻的母亲谢诚今年才二十多岁，她有一个刚满二岁的小女儿。,3
他正是听毛泽东《在延安文艺座谈会上的讲话》之后，才从一个只会写新闻的军事记者迈到作家这个行列里来的。,3
三年以前，焦裕禄同志在老韩陵采纳了老贫农萧位芬的建议，到处宣传种泡桐树的时候，这三个小青年，才只有十五六岁。,3
这项业务开展才几天，生意比预料的兴隆。,3
其实，刘斌今年才33岁，根本就没赶上那个年代，更别提是歌舞厅经理的战友了。,3
重点抓好以下工作：一是服务国家经济社会发展，引荐华侨创新创业领军人才。二是围绕国家总体外交战略，拓展侨务公共外交。,3
飞机越过日本南部的鹿儿岛，才一个多小时，就进入了中国的国土。,3
青海弘才千姿雪高原土鸡养殖有限责任公司成立于2012年10月，位于青海省贵德县河东乡麻巴村麻巴生态林场。,3
但处罚到位只有531件，其中主动接受处罚才221件，剩余310件为城管部门集中追缴到位”。,3
帕尔弗曼认为，贝多芬患上此病的原因可能是受到肺痨菌的感染，他母亲就是患肺痨死去的，当时贝多芬才16岁。,3
经过询问，战士得知，原来这4位女学生名叫孙丽、史颖、华春艳、阎玲，家住天津市河北区，都是初中生，最大的才16岁。,3
最令人揪心的是一位机电工，才二十四岁，父亲也是老矿工。,3
就拿能作卧室的四间来计算，他们平均每间才出一元二角九分，而一般职工所住的一间房子每月得出一元三角七分，比他们出的房租还高。,3
他望着满山的石头，又回想起万恶的旧社会：也是这样一个地冻天寒的严冬，那年他才六岁，父亲给地主当长工活活累死了，一岁的妹妹卖给了人家，母亲领着他和弟弟去要饭。,3
今年才26岁的全国煤炭工业劳动模范、安源煤矿采煤工刘忠亮说：他在1977年以前当了三年煤矿临时工，当时政治觉悟不高，总觉着煤矿工人又苦又累，成天一身黑，想换个行业干。,3
正是“怕耽误时间”而不去发动群众，才一定会误大事。,3
我们询问了好一阵子，才在一层西端中间处找到销售按摩器的柜台。,3
分析家们说，17亿美元虽不是一个小数字，但如分摊给几百万无家可归者，人均才200多美元，杯水车薪，无济于事。,3
当时程谟翠才20岁，是个连水的化学符号都不认识的高小生，从未听说有人用地瓜做出过粉丝，搞科学实验，难哪！,3
父亲牺牲以后，她带着才三岁的我和遗腹妹妹从上海回到成都。,3
听说这位高级服装设计师今年才30岁。,3
比如大陆刚恢复高考的1977年，台湾高校录取率才29.5%，最低录取分数都要334.67分。,3
当时父亲月工资才几十元，母亲胃出血开过刀，身体虚弱。,3
这五件事情一共才五百多字。,3
今年才十九岁的共青团员张柱喜，平时勤劳，而且处处关心集体，为集体分担困难。,3
今年你才十三岁，英雄气概冲天起！,3
正因为有了按揭，上海个人购房比例才升至93．6％，北京个人购房比例也达至80％。,3
他被张国焘强加“奸细”的罪名，竟是戴着铁铐长征的，爬雪山、过草地，戴铐而行，幸得周恩来同志的营救，才免于一死。,3
肯尼迪总统在一九六三年八月八日、莫斯科条约签订才几天，向美国参议院提出的咨文中，明确而无耻地申明了以他为代表的帝国主义的目标：“美国在地下试验方面的经验比任何其他国家都多。,3
许洪山诱骗他说：“你的生活很困难吧，一个月才一百来分，不够用可以到柜上来拿。,3
虽然才26岁，可是祝溪白已经在基层街道工作将近3年，并获得了“全国优秀共青团干部”、“吉林省优秀团干部”等荣誉称号。,3
